,Survived,Age,SibSp,Parch,Fare,Pclass_2,Pclass_3,Sex_male,Embarked_Q,Embarked_S,Cabinletter_B,Cabinletter_C,Cabinletter_D,Cabinletter_E,Cabinletter_F,Cabinletter_G,Cabinletter_T
0,0.0,-0.4666666666666667,1.0,0.0,-0.3120106021758714,0.0,1.0,1.0,0.0,1.0,0.0,0.0,0.0,0.0,0.0,0.0,0.0
1,1.0,0.6,1.0,0.0,2.4612422909015312,0.0,0.0,0.0,0.0,0.0,0.0,1.0,0.0,0.0,0.0,0.0,0.0
2,1.0,-0.2,0.0,0.0,-0.2827766613540295,0.0,1.0,0.0,0.0,1.0,0.0,0.0,0.0,0.0,0.0,0.0,0.0
3,1.0,0.4,1.0,0.0,1.6737318966114614,0.0,0.0,0.0,0.0,1.0,0.0,1.0,0.0,0.0,0.0,0.0,0.0
4,0.0,0.4,0.0,0.0,-0.277362968609244,0.0,1.0,1.0,0.0,1.0,0.0,0.0,0.0,0.0,0.0,0.0,0.0
5,0.0,0.15324112896367267,0.0,0.0,-0.25967968262767654,0.0,1.0,1.0,1.0,0.0,0.0,0.0,0.0,0.0,0.0,0.0,0.0
6,0.0,1.6666666666666667,0.0,0.0,1.6201363384380845,0.0,0.0,1.0,0.0,1.0,0.0,0.0,0.0,1.0,0.0,0.0,0.0
7,0.0,-1.8,3.0,1.0,0.2867438153974083,0.0,1.0,1.0,0.0,1.0,0.0,0.0,0.0,0.0,0.0,0.0,0.0
8,1.0,-0.13333333333333333,0.0,2.0,-0.14382665788926616,0.0,1.0,0.0,0.0,1.0,0.0,0.0,0.0,0.0,0.0,0.0,0.0
9,1.0,-1.0,1.0,0.0,0.6763477929457417,1.0,0.0,0.0,0.0,0.0,0.0,0.0,0.0,0.0,0.0,0.0,0.0
10,1.0,-1.6666666666666667,1.0,1.0,0.09726456932991473,0.0,1.0,0.0,0.0,1.0,0.0,0.0,0.0,0.0,0.0,1.0,0.0
11,1.0,1.9333333333333333,0.0,0.0,0.5238635576190146,0.0,0.0,0.0,0.0,1.0,0.0,1.0,0.0,0.0,0.0,0.0,0.0
12,0.0,-0.6,0.0,0.0,-0.277362968609244,0.0,1.0,1.0,0.0,1.0,0.0,0.0,0.0,0.0,0.0,0.0,0.0
13,0.0,0.6666666666666666,1.0,5.0,0.7285011433719076,0.0,1.0,1.0,0.0,1.0,0.0,0.0,0.0,0.0,0.0,0.0,0.0
14,0.0,-1.0,0.0,0.0,-0.2858429769246761,0.0,1.0,0.0,0.0,1.0,0.0,0.0,0.0,0.0,0.0,0.0,0.0
15,1.0,1.7333333333333334,0.0,0.0,0.06694788995911578,1.0,0.0,0.0,0.0,1.0,0.0,0.0,0.0,0.0,0.0,0.0,0.0
16,0.0,-1.8,4.0,1.0,0.6353856281615965,0.0,1.0,1.0,1.0,0.0,0.0,0.0,0.0,0.0,0.0,0.0,0.0
17,1.0,0.012925967217387323,0.0,0.0,-0.06298073591573695,1.0,0.0,1.0,0.0,1.0,0.0,0.0,0.0,0.0,0.0,0.0,0.0
18,0.0,0.13333333333333333,1.0,0.0,0.15356697387568427,0.0,1.0,0.0,0.0,1.0,0.0,0.0,0.0,0.0,0.0,0.0,0.0
19,1.0,-0.46006705826549515,0.0,0.0,-0.31309334072482853,0.0,1.0,0.0,0.0,0.0,0.0,0.0,0.0,0.0,0.0,0.0,0.0
20,0.0,0.4,0.0,0.0,0.5000433095419583,1.0,0.0,1.0,0.0,1.0,0.0,0.0,0.0,0.0,0.0,0.0,0.0
21,1.0,0.3333333333333333,0.0,0.0,-0.06298073591573695,1.0,0.0,1.0,0.0,1.0,0.0,0.0,1.0,0.0,0.0,0.0,0.0
22,1.0,-0.9333333333333333,0.0,0.0,-0.27826380708197634,0.0,1.0,0.0,1.0,0.0,0.0,0.0,0.0,0.0,0.0,0.0,0.0
23,1.0,-0.06666666666666667,0.0,0.0,0.9114839581456586,0.0,0.0,1.0,0.0,1.0,0.0,0.0,0.0,0.0,0.0,0.0,0.0
24,0.0,-1.4,3.0,1.0,0.2867438153974083,0.0,1.0,0.0,0.0,1.0,0.0,0.0,0.0,0.0,0.0,0.0,0.0
25,1.0,0.6,1.0,5.0,0.7333734668422146,0.0,1.0,0.0,0.0,1.0,0.0,0.0,0.0,0.0,0.0,0.0,0.0
26,0.0,-0.058200001154975686,0.0,0.0,-0.31309334072482853,0.0,1.0,1.0,0.0,0.0,0.0,0.0,0.0,0.0,0.0,0.0,0.0
27,0.0,-0.6666666666666666,3.0,2.0,10.764404753655324,0.0,0.0,1.0,0.0,1.0,0.0,1.0,0.0,0.0,0.0,0.0,0.0
28,1.0,-0.2482548159515891,0.0,0.0,-0.28476023837571895,0.0,1.0,0.0,1.0,0.0,0.0,0.0,0.0,0.0,0.0,0.0,0.0
29,0.0,0.04946804303037382,0.0,0.0,-0.2840412999792114,0.0,1.0,1.0,0.0,1.0,0.0,0.0,0.0,0.0,0.0,0.0,0.0
30,0.0,0.7333333333333333,0.0,0.0,0.5745703693437738,0.0,0.0,1.0,0.0,0.0,0.0,0.0,0.0,0.0,0.0,0.0,0.0
31,1.0,0.09562652396660501,1.0,0.0,5.719743953987942,0.0,0.0,0.0,0.0,0.0,1.0,0.0,0.0,0.0,0.0,0.0,0.0
32,1.0,-0.24817201903287486,0.0,0.0,-0.29035583119672925,0.0,1.0,0.0,1.0,0.0,0.0,0.0,0.0,0.0,0.0,0.0,0.0
33,0.0,2.466666666666667,0.0,0.0,-0.1712545908114476,1.0,0.0,1.0,0.0,1.0,0.0,0.0,0.0,0.0,0.0,0.0,0.0
34,0.0,-0.06666666666666667,1.0,0.0,2.9327749289723513,0.0,0.0,1.0,0.0,0.0,0.0,0.0,0.0,0.0,0.0,0.0,0.0
35,0.0,0.8666666666666667,1.0,0.0,1.6260914004573488,0.0,0.0,1.0,0.0,1.0,0.0,0.0,0.0,0.0,0.0,0.0,0.0
36,1.0,-0.4764172535687765,0.0,0.0,-0.3129114406486037,0.0,1.0,1.0,0.0,0.0,0.0,0.0,0.0,0.0,0.0,0.0,0.0
37,0.0,-0.5333333333333333,0.0,0.0,-0.277362968609244,0.0,1.0,1.0,0.0,1.0,0.0,0.0,0.0,0.0,0.0,0.0,0.0
38,0.0,-0.7333333333333333,2.0,0.0,0.15356697387568427,0.0,1.0,0.0,0.0,1.0,0.0,0.0,0.0,0.0,0.0,0.0,0.0
39,1.0,-1.0,1.0,0.0,-0.13913190354098817,0.0,1.0,0.0,0.0,0.0,0.0,0.0,0.0,0.0,0.0,0.0,0.0
40,0.0,0.7333333333333333,1.0,0.0,-0.21564687131868895,0.0,1.0,0.0,0.0,1.0,0.0,0.0,0.0,0.0,0.0,0.0,0.0
41,0.0,-0.13333333333333333,1.0,0.0,0.283495599750537,1.0,0.0,0.0,0.0,1.0,0.0,0.0,0.0,0.0,0.0,0.0,0.0
42,0.0,-0.05862987865554364,0.0,0.0,-0.2840412999792114,0.0,1.0,1.0,0.0,0.0,0.0,0.0,0.0,0.0,0.0,0.0,0.0
43,1.0,-1.7333333333333334,1.0,2.0,1.1747713256184602,1.0,0.0,0.0,0.0,0.0,0.0,0.0,0.0,0.0,0.0,0.0,0.0
44,1.0,-0.6666666666666666,0.0,0.0,-0.28476023837571895,0.0,1.0,0.0,1.0,0.0,0.0,0.0,0.0,0.0,0.0,0.0,0.0
45,0.0,0.049369225036057195,0.0,0.0,-0.277362968609244,0.0,1.0,1.0,0.0,1.0,0.0,0.0,0.0,0.0,0.0,0.0,0.0
46,0.0,-0.12508526288592633,1.0,0.0,0.04529311897997366,0.0,1.0,1.0,1.0,0.0,0.0,0.0,0.0,0.0,0.0,0.0,0.0
47,1.0,-0.24817201903287486,0.0,0.0,-0.29035583119672925,0.0,1.0,0.0,1.0,0.0,0.0,0.0,0.0,0.0,0.0,0.0,0.0
48,0.0,-0.6150904094475111,2.0,0.0,0.31291144064860377,0.0,1.0,1.0,0.0,0.0,0.0,0.0,0.0,0.0,0.0,0.0,0.0
49,0.0,-0.7333333333333333,1.0,0.0,0.14490506548402746,0.0,1.0,0.0,0.0,1.0,0.0,0.0,0.0,0.0,0.0,0.0,0.0
50,0.0,-1.4666666666666666,4.0,1.0,1.092842665095974,0.0,1.0,1.0,0.0,1.0,0.0,0.0,0.0,0.0,0.0,0.0,0.0
51,0.0,-0.5333333333333333,0.0,0.0,-0.28819035409881505,0.0,1.0,1.0,0.0,1.0,0.0,0.0,0.0,0.0,0.0,0.0,0.0
52,1.0,1.3333333333333333,1.0,0.0,2.6971017254521517,0.0,0.0,0.0,0.0,0.0,0.0,0.0,1.0,0.0,0.0,0.0,0.0
53,1.0,0.0,1.0,0.0,0.5000433095419583,1.0,0.0,0.0,0.0,1.0,0.0,0.0,0.0,0.0,0.0,0.0,0.0
54,0.0,2.4,0.0,1.0,2.058285981567459,0.0,0.0,1.0,0.0,0.0,1.0,0.0,0.0,0.0,0.0,0.0,0.0
55,1.0,0.600060255320977,0.0,0.0,0.9114839581456586,0.0,0.0,1.0,0.0,1.0,0.0,1.0,0.0,0.0,0.0,0.0,0.0
56,1.0,-0.5333333333333333,0.0,0.0,-0.1712545908114476,1.0,0.0,0.0,0.0,1.0,0.0,0.0,0.0,0.0,0.0,0.0,0.0
57,0.0,-0.03333333333333333,0.0,0.0,-0.3129114406486037,0.0,1.0,1.0,0.0,0.0,0.0,0.0,0.0,0.0,0.0,0.0,0.0
58,1.0,-1.6,1.0,2.0,0.5758350079689557,1.0,0.0,0.0,0.0,1.0,0.0,0.0,0.0,0.0,0.0,0.0,0.0
59,0.0,-1.2,5.0,2.0,1.405212736470099,0.0,1.0,1.0,0.0,1.0,0.0,0.0,0.0,0.0,0.0,0.0,0.0
60,0.0,-0.4666666666666667,0.0,0.0,-0.3129114406486037,0.0,1.0,1.0,0.0,0.0,0.0,0.0,0.0,0.0,0.0,0.0,0.0
61,1.0,0.6,0.0,0.0,2.8387585752893076,0.0,0.0,0.0,0.0,0.0,1.0,0.0,0.0,0.0,0.0,0.0,0.0
62,0.0,1.0666666666666667,1.0,0.0,2.9892592335943453,0.0,0.0,1.0,0.0,1.0,0.0,1.0,0.0,0.0,0.0,0.0,0.0
63,0.0,-1.6666666666666667,3.0,2.0,0.5823314392626983,0.0,1.0,1.0,0.0,1.0,0.0,0.0,0.0,0.0,0.0,0.0,0.0
64,0.0,0.9661160305147954,0.0,0.0,0.5745703693437738,0.0,0.0,1.0,0.0,0.0,0.0,0.0,0.0,0.0,0.0,0.0,0.0
65,1.0,-0.8082870925584726,1.0,1.0,0.03428383341417777,0.0,1.0,1.0,0.0,0.0,0.0,0.0,0.0,0.0,0.0,0.0,0.0
66,1.0,0.0,0.0,0.0,-0.1712545908114476,1.0,0.0,0.0,0.0,1.0,0.0,0.0,0.0,0.0,1.0,0.0,0.0
67,0.0,-0.6666666666666666,0.0,0.0,-0.27267254521516177,0.0,1.0,1.0,0.0,1.0,0.0,0.0,0.0,0.0,0.0,0.0,0.0
68,1.0,-0.8,4.0,2.0,-0.2827766613540295,0.0,1.0,0.0,0.0,1.0,0.0,0.0,0.0,0.0,0.0,0.0,0.0
69,0.0,-0.2,2.0,0.0,-0.2508358741597949,0.0,1.0,1.0,0.0,1.0,0.0,0.0,0.0,0.0,0.0,0.0,0.0
70,0.0,0.2,0.0,0.0,-0.1712545908114476,1.0,0.0,1.0,0.0,1.0,0.0,0.0,0.0,0.0,0.0,0.0,0.0
71,0.0,-0.8666666666666667,5.0,2.0,1.405212736470099,0.0,1.0,0.0,0.0,1.0,0.0,0.0,0.0,0.0,0.0,0.0,0.0
72,0.0,-0.5333333333333333,0.0,0.0,2.55724655256046,1.0,0.0,1.0,0.0,1.0,0.0,0.0,0.0,0.0,0.0,0.0,0.0
73,0.0,-0.2,1.0,0.0,0.0,0.0,1.0,1.0,0.0,0.0,0.0,0.0,0.0,0.0,0.0,0.0,0.0
74,1.0,0.2,0.0,0.0,1.8208024391934032,0.0,1.0,1.0,0.0,1.0,0.0,0.0,0.0,0.0,0.0,0.0,0.0
75,0.0,-0.26666666666666666,0.0,0.0,-0.29468678539255766,0.0,1.0,1.0,0.0,1.0,0.0,0.0,0.0,0.0,1.0,0.0,0.0
76,0.0,0.04946804303037382,0.0,0.0,-0.2840412999792114,0.0,1.0,1.0,0.0,1.0,0.0,0.0,0.0,0.0,0.0,0.0,0.0
77,0.0,0.049369225036057195,0.0,0.0,-0.277362968609244,0.0,1.0,1.0,0.0,1.0,0.0,0.0,0.0,0.0,0.0,0.0,0.0
78,1.0,-1.8780000000000001,0.0,2.0,0.629971935416811,1.0,0.0,1.0,0.0,1.0,0.0,0.0,0.0,0.0,0.0,0.0,0.0
79,1.0,0.06666666666666667,0.0,0.0,-0.0857182454438362,0.0,1.0,0.0,0.0,1.0,0.0,0.0,0.0,0.0,0.0,0.0,0.0
80,0.0,-0.4666666666666667,0.0,0.0,-0.23621890374887394,0.0,1.0,1.0,0.0,1.0,0.0,0.0,0.0,0.0,0.0,0.0,0.0
81,1.0,0.0,0.0,0.0,-0.21456413276973182,0.0,1.0,1.0,0.0,1.0,0.0,0.0,0.0,0.0,0.0,0.0,0.0
82,1.0,-0.24819605064627884,0.0,0.0,-0.2887317233732936,0.0,1.0,0.0,1.0,0.0,0.0,0.0,0.0,0.0,0.0,0.0,0.0
83,0.0,-0.06666666666666667,0.0,0.0,1.4138746448617558,0.0,0.0,1.0,0.0,1.0,0.0,0.0,0.0,0.0,0.0,0.0,0.0
84,1.0,-0.8,0.0,0.0,-0.1712545908114476,1.0,0.0,0.0,0.0,1.0,0.0,0.0,0.0,0.0,0.0,0.0,0.0
85,1.0,0.26666666666666666,3.0,0.0,0.06045145866537313,0.0,1.0,0.0,0.0,1.0,0.0,0.0,0.0,0.0,0.0,0.0,0.0
86,0.0,-0.8666666666666667,1.0,3.0,0.8627607234425888,0.0,1.0,1.0,0.0,1.0,0.0,0.0,0.0,0.0,0.0,0.0,0.0
87,0.0,0.049369225036057195,0.0,0.0,-0.277362968609244,0.0,1.0,1.0,0.0,1.0,0.0,0.0,0.0,0.0,0.0,0.0,0.0
88,1.0,-0.4,3.0,2.0,10.764404753655324,0.0,0.0,0.0,0.0,1.0,0.0,1.0,0.0,0.0,0.0,0.0,0.0
89,0.0,-0.3333333333333333,0.0,0.0,-0.277362968609244,0.0,1.0,1.0,0.0,1.0,0.0,0.0,0.0,0.0,0.0,0.0,0.0
90,0.0,0.0,0.0,0.0,-0.277362968609244,0.0,1.0,1.0,0.0,1.0,0.0,0.0,0.0,0.0,0.0,0.0,0.0
91,0.0,-0.6,0.0,0.0,-0.2858429769246761,0.0,1.0,1.0,0.0,1.0,0.0,0.0,0.0,0.0,0.0,0.0,0.0
92,0.0,1.1333333333333333,1.0,0.0,2.0234564479246067,0.0,0.0,1.0,0.0,1.0,0.0,0.0,0.0,1.0,0.0,0.0,0.0
93,0.0,-0.2,1.0,2.0,0.2650890444182662,0.0,1.0,1.0,0.0,1.0,0.0,0.0,0.0,0.0,0.0,0.0,0.0
94,0.0,2.0,0.0,0.0,-0.3120106021758714,0.0,1.0,1.0,0.0,1.0,0.0,0.0,0.0,0.0,0.0,0.0,0.0
95,0.0,0.049369225036057195,0.0,0.0,-0.277362968609244,0.0,1.0,1.0,0.0,1.0,0.0,0.0,0.0,0.0,0.0,0.0,0.0
96,0.0,2.8,0.0,0.0,0.8748527475573419,0.0,0.0,1.0,0.0,0.0,0.0,0.0,0.0,0.0,0.0,0.0,0.0
97,1.0,-0.4,0.0,1.0,2.1180141708821285,0.0,0.0,1.0,0.0,0.0,0.0,0.0,1.0,0.0,0.0,0.0,0.0
98,1.0,0.3333333333333333,0.0,1.0,0.37011468366710554,1.0,0.0,0.0,0.0,1.0,0.0,0.0,0.0,0.0,0.0,0.0,0.0
99,0.0,0.3333333333333333,1.0,0.0,0.5000433095419583,1.0,0.0,1.0,0.0,1.0,0.0,0.0,0.0,0.0,0.0,0.0,0.0
100,0.0,-0.06666666666666667,0.0,0.0,-0.2840412999792114,0.0,1.0,0.0,0.0,1.0,0.0,0.0,0.0,0.0,0.0,0.0,0.0
101,0.0,0.04946804303037382,0.0,0.0,-0.2840412999792114,0.0,1.0,1.0,0.0,1.0,0.0,0.0,0.0,0.0,0.0,0.0,0.0
102,0.0,-0.5333333333333333,0.0,1.0,2.721281442727461,0.0,0.0,1.0,0.0,1.0,0.0,0.0,1.0,0.0,0.0,0.0,0.0
103,0.0,0.26666666666666666,0.0,0.0,-0.25119534335804866,0.0,1.0,1.0,0.0,1.0,0.0,0.0,0.0,0.0,0.0,0.0,0.0
104,0.0,0.5333333333333333,2.0,0.0,-0.2827766613540295,0.0,1.0,1.0,0.0,1.0,0.0,0.0,0.0,0.0,0.0,0.0,0.0
105,0.0,-0.06666666666666667,0.0,0.0,-0.2840412999792114,0.0,1.0,1.0,0.0,1.0,0.0,0.0,0.0,0.0,0.0,0.0,0.0
106,1.0,-0.5333333333333333,0.0,0.0,-0.29468678539255766,0.0,1.0,0.0,0.0,1.0,0.0,0.0,0.0,0.0,0.0,0.0,0.0
107,1.0,-0.3686691040054145,0.0,0.0,-0.2892730926477721,0.0,1.0,1.0,0.0,1.0,0.0,0.0,0.0,0.0,0.0,0.0,0.0
108,0.0,0.6,0.0,0.0,-0.2840412999792114,0.0,1.0,1.0,0.0,1.0,0.0,0.0,0.0,0.0,0.0,0.0,0.0
109,1.0,-0.5324956121549332,1.0,0.0,0.41992065691913233,0.0,1.0,0.0,1.0,0.0,0.0,0.0,0.0,0.0,0.0,0.0,0.0
110,0.0,1.2,0.0,0.0,1.6260914004573488,0.0,0.0,1.0,0.0,1.0,0.0,1.0,0.0,0.0,0.0,0.0,0.0
111,0.0,-0.9666666666666667,1.0,0.0,0.0,0.0,1.0,0.0,0.0,0.0,0.0,0.0,0.0,0.0,0.0,0.0,0.0
112,0.0,-0.4666666666666667,0.0,0.0,-0.277362968609244,0.0,1.0,1.0,0.0,1.0,0.0,0.0,0.0,0.0,0.0,0.0,0.0
113,0.0,-0.6,1.0,0.0,-0.20048853163328947,0.0,1.0,0.0,0.0,1.0,0.0,0.0,0.0,0.0,0.0,0.0,0.0
114,0.0,-0.8,0.0,0.0,0.00017756912202893625,0.0,1.0,0.0,0.0,0.0,0.0,0.0,0.0,0.0,0.0,0.0,0.0
115,0.0,-0.5333333333333333,0.0,0.0,-0.2827766613540295,0.0,1.0,1.0,0.0,1.0,0.0,0.0,0.0,0.0,0.0,0.0,0.0
116,0.0,2.7666666666666666,0.0,0.0,-0.29035583119672925,0.0,1.0,1.0,1.0,0.0,0.0,0.0,0.0,0.0,0.0,0.0,0.0
117,0.0,0.0,1.0,0.0,0.283495599750537,1.0,0.0,1.0,0.0,1.0,0.0,0.0,0.0,0.0,0.0,0.0,0.0
118,0.0,-0.3333333333333333,0.0,1.0,10.094007691774651,0.0,0.0,1.0,0.0,0.0,1.0,0.0,0.0,0.0,0.0,0.0,0.0
119,0.0,-1.8,4.0,2.0,0.7285011433719076,0.0,1.0,0.0,0.0,1.0,0.0,0.0,0.0,0.0,0.0,0.0,0.0
120,0.0,-0.5333333333333333,2.0,0.0,2.55724655256046,1.0,0.0,1.0,0.0,1.0,0.0,0.0,0.0,0.0,0.0,0.0,0.0
121,0.0,0.049369225036057195,0.0,0.0,-0.277362968609244,0.0,1.0,1.0,0.0,1.0,0.0,0.0,0.0,0.0,0.0,0.0,0.0
122,0.0,0.23333333333333334,1.0,0.0,0.6763477929457417,1.0,0.0,1.0,0.0,0.0,0.0,0.0,0.0,0.0,0.0,0.0,0.0
123,1.0,0.23333333333333334,0.0,0.0,-0.06298073591573695,1.0,0.0,0.0,0.0,1.0,0.0,0.0,0.0,1.0,0.0,0.0,0.0
124,0.0,1.6666666666666667,0.0,1.0,2.721281442727461,0.0,0.0,1.0,0.0,1.0,0.0,0.0,1.0,0.0,0.0,0.0,0.0
125,1.0,-1.1333333333333333,1.0,0.0,-0.13913190354098817,0.0,1.0,1.0,0.0,0.0,0.0,0.0,0.0,0.0,0.0,0.0,0.0
126,0.0,0.1536950380776446,0.0,0.0,-0.29035583119672925,0.0,1.0,1.0,1.0,0.0,0.0,0.0,0.0,0.0,0.0,0.0,0.0
127,1.0,-0.3333333333333333,0.0,0.0,-0.31670102556995355,0.0,1.0,1.0,0.0,1.0,0.0,0.0,0.0,0.0,0.0,0.0,0.0
128,1.0,-1.145179237020099,1.0,1.0,0.34232295059247453,0.0,1.0,0.0,0.0,0.0,0.0,0.0,0.0,0.0,1.0,0.0,0.0
129,0.0,1.0666666666666667,0.0,0.0,-0.32392072621439955,0.0,1.0,1.0,0.0,1.0,0.0,0.0,0.0,0.0,0.0,0.0,0.0
130,0.0,0.26666666666666666,0.0,0.0,-0.2840412999792114,0.0,1.0,1.0,0.0,0.0,0.0,0.0,0.0,0.0,0.0,0.0,0.0
131,0.0,-0.6,0.0,0.0,-0.32067251056752827,0.0,1.0,1.0,0.0,1.0,0.0,0.0,0.0,0.0,0.0,0.0,0.0
132,0.0,1.2,1.0,0.0,0.001983577021689412,0.0,1.0,0.0,0.0,1.0,0.0,0.0,0.0,0.0,0.0,0.0,0.0
133,1.0,0.0,1.0,0.0,0.5000433095419583,1.0,0.0,0.0,0.0,1.0,0.0,0.0,0.0,0.0,0.0,0.0,0.0
134,0.0,-0.26666666666666666,0.0,0.0,-0.06298073591573695,1.0,0.0,1.0,0.0,1.0,0.0,0.0,0.0,0.0,0.0,0.0,0.0
135,0.0,-0.4,0.0,0.0,0.025621925022520947,1.0,0.0,1.0,0.0,0.0,0.0,0.0,0.0,0.0,0.0,0.0,0.0
136,1.0,-0.6666666666666666,0.0,2.0,0.5123129027787402,0.0,0.0,0.0,0.0,1.0,0.0,0.0,1.0,0.0,0.0,0.0,0.0
137,0.0,0.5333333333333333,1.0,0.0,1.6737318966114614,0.0,0.0,1.0,0.0,1.0,0.0,1.0,0.0,0.0,0.0,0.0,0.0
138,0.0,-0.8666666666666667,0.0,0.0,-0.22683372600651378,0.0,1.0,1.0,0.0,1.0,0.0,0.0,0.0,0.0,0.0,0.0,0.0
139,0.0,-0.3333333333333333,0.0,0.0,2.8041109417226804,0.0,0.0,1.0,0.0,0.0,1.0,0.0,0.0,0.0,0.0,0.0,0.0
140,0.0,-0.15282994967191618,0.0,2.0,0.03428383341417777,0.0,1.0,0.0,0.0,0.0,0.0,0.0,0.0,0.0,0.0,0.0,0.0
141,1.0,-0.4666666666666667,0.0,0.0,-0.29035583119672925,0.0,1.0,0.0,0.0,1.0,0.0,0.0,0.0,0.0,0.0,0.0,0.0
142,1.0,-0.3333333333333333,1.0,0.0,0.06045145866537313,0.0,1.0,0.0,0.0,1.0,0.0,0.0,0.0,0.0,0.0,0.0,0.0
143,0.0,-0.6666666666666666,0.0,0.0,-0.3336653731550135,0.0,1.0,1.0,1.0,0.0,0.0,0.0,0.0,0.0,0.0,0.0,0.0
144,0.0,-0.7333333333333333,0.0,0.0,-0.12794504885316332,1.0,0.0,1.0,0.0,1.0,0.0,0.0,0.0,0.0,0.0,0.0,0.0
145,0.0,-0.6666666666666666,1.0,1.0,0.9656208855935139,1.0,0.0,1.0,0.0,1.0,0.0,0.0,0.0,0.0,0.0,0.0,0.0
146,1.0,-0.13333333333333333,0.0,0.0,-0.28837225417503987,0.0,1.0,1.0,0.0,1.0,0.0,0.0,0.0,0.0,0.0,0.0,0.0
147,0.0,-1.3333333333333333,2.0,2.0,0.8627607234425888,0.0,1.0,0.0,0.0,1.0,0.0,0.0,0.0,0.0,0.0,0.0,0.0
148,0.0,0.5,0.0,2.0,0.5000433095419583,1.0,0.0,1.0,0.0,1.0,0.0,0.0,0.0,0.0,1.0,0.0,0.0
149,0.0,0.8666666666666667,0.0,0.0,-0.06298073591573695,1.0,0.0,1.0,0.0,1.0,0.0,0.0,0.0,0.0,0.0,0.0,0.0
150,0.0,1.4666666666666666,0.0,0.0,-0.08355276834592196,1.0,0.0,1.0,0.0,1.0,0.0,0.0,0.0,0.0,0.0,0.0,0.0
151,1.0,-0.4666666666666667,1.0,0.0,2.2584107130482987,0.0,0.0,0.0,0.0,1.0,0.0,1.0,0.0,0.0,0.0,0.0,0.0
152,0.0,1.7666666666666666,0.0,0.0,-0.277362968609244,0.0,1.0,1.0,0.0,1.0,0.0,0.0,0.0,0.0,0.0,0.0,0.0
153,0.0,0.7666666666666667,0.0,2.0,0.001983577021689412,0.0,1.0,1.0,0.0,1.0,0.0,0.0,0.0,0.0,0.0,0.0,0.0
154,0.0,0.04984184676633276,0.0,0.0,-0.30930375580347863,0.0,1.0,1.0,0.0,1.0,0.0,0.0,0.0,0.0,0.0,0.0,0.0
155,0.0,1.4666666666666666,0.0,1.0,2.0323002563924883,0.0,0.0,1.0,0.0,0.0,0.0,0.0,0.0,0.0,0.0,0.0,0.0
156,1.0,-0.8666666666666667,0.0,0.0,-0.29107910054743263,0.0,1.0,0.0,1.0,0.0,0.0,0.0,0.0,0.0,0.0,0.0,0.0
157,0.0,0.06666666666666667,0.0,0.0,-0.277362968609244,0.0,1.0,1.0,0.0,1.0,0.0,0.0,0.0,0.0,0.0,0.0,0.0
158,0.0,0.048976708683794355,0.0,0.0,-0.2508358741597949,0.0,1.0,1.0,0.0,1.0,0.0,0.0,0.0,0.0,0.0,0.0,0.0
159,0.0,-2.2863901397122586,8.0,2.0,2.3861738618252373,0.0,1.0,1.0,0.0,1.0,0.0,0.0,0.0,0.0,0.0,0.0,0.0
160,0.0,1.0,0.0,1.0,0.07127884415494427,0.0,1.0,1.0,0.0,1.0,0.0,0.0,0.0,0.0,0.0,0.0,0.0
161,1.0,0.7333333333333333,0.0,0.0,0.056120504469544724,1.0,0.0,0.0,0.0,1.0,0.0,0.0,0.0,0.0,0.0,0.0,0.0
162,0.0,-0.2,0.0,0.0,-0.2892730926477721,0.0,1.0,1.0,0.0,1.0,0.0,0.0,0.0,0.0,0.0,0.0,0.0
163,0.0,-0.8,0.0,0.0,-0.2508358741597949,0.0,1.0,1.0,0.0,1.0,0.0,0.0,0.0,0.0,0.0,0.0,0.0
164,0.0,-1.8666666666666667,4.0,1.0,1.092842665095974,0.0,1.0,1.0,0.0,1.0,0.0,0.0,0.0,0.0,0.0,0.0,0.0
165,1.0,-1.3333333333333333,0.0,2.0,0.26292356732035194,0.0,1.0,1.0,0.0,1.0,0.0,0.0,0.0,0.0,0.0,0.0,0.0
166,1.0,0.7238430552227584,0.0,1.0,1.7560200263322014,0.0,0.0,0.0,0.0,1.0,0.0,0.0,0.0,1.0,0.0,0.0,0.0
167,0.0,1.0666666666666667,1.0,4.0,0.5823314392626983,0.0,1.0,0.0,0.0,1.0,0.0,0.0,0.0,0.0,0.0,0.0,0.0
168,0.0,1.0753647781033961,0.0,0.0,0.49679509389508697,0.0,0.0,1.0,0.0,1.0,0.0,0.0,0.0,0.0,0.0,0.0,0.0
169,0.0,-0.06666666666666667,0.0,0.0,1.8208024391934032,0.0,1.0,1.0,0.0,1.0,0.0,0.0,0.0,0.0,0.0,0.0,0.0
170,0.0,2.1333333333333333,0.0,0.0,0.8248648742290902,0.0,0.0,1.0,0.0,1.0,1.0,0.0,0.0,0.0,0.0,0.0,0.0
171,0.0,-1.6666666666666667,4.0,1.0,0.6353856281615965,0.0,1.0,1.0,1.0,0.0,0.0,0.0,0.0,0.0,0.0,0.0,0.0
172,1.0,-1.8666666666666667,1.0,1.0,-0.14382665788926616,0.0,1.0,0.0,0.0,1.0,0.0,0.0,0.0,0.0,0.0,0.0,0.0
173,0.0,-0.5333333333333333,0.0,0.0,-0.2827766613540295,0.0,1.0,1.0,0.0,1.0,0.0,0.0,0.0,0.0,0.0,0.0,0.0
174,0.0,1.8,0.0,0.0,0.7034162566696693,0.0,0.0,1.0,0.0,0.0,0.0,0.0,0.0,0.0,0.0,0.0,0.0
175,0.0,-0.7333333333333333,1.0,1.0,-0.2858429769246761,0.0,1.0,1.0,0.0,1.0,0.0,0.0,0.0,0.0,0.0,0.0,0.0
176,0.0,-0.836152137518058,3.0,1.0,0.4769463308156052,0.0,1.0,1.0,0.0,1.0,0.0,0.0,0.0,0.0,0.0,0.0,0.0
177,0.0,1.4,0.0,0.0,0.6175204421038042,0.0,0.0,0.0,0.0,0.0,0.0,1.0,0.0,0.0,0.0,0.0,0.0
178,0.0,0.06666666666666667,0.0,0.0,-0.06298073591573695,1.0,0.0,1.0,0.0,1.0,0.0,0.0,0.0,0.0,0.0,0.0,0.0
179,0.0,0.4666666666666667,0.0,0.0,-0.6260047813734322,0.0,1.0,1.0,0.0,1.0,0.0,0.0,0.0,0.0,0.0,0.0,0.0
180,0.0,-2.2700426359496784,8.0,2.0,2.3861738618252373,0.0,1.0,0.0,0.0,1.0,0.0,0.0,0.0,0.0,0.0,0.0,0.0
181,0.0,0.32172887820515966,0.0,0.0,0.025803825098745778,1.0,0.0,1.0,0.0,0.0,0.0,0.0,0.0,0.0,0.0,0.0,0.0
182,0.0,-1.3333333333333333,4.0,2.0,0.7333734668422146,0.0,1.0,1.0,0.0,1.0,0.0,0.0,0.0,0.0,0.0,0.0,0.0
183,1.0,-1.8666666666666667,2.0,1.0,1.0630673549996534,1.0,0.0,1.0,0.0,1.0,0.0,0.0,0.0,0.0,1.0,0.0,0.0
184,1.0,-1.6666666666666667,0.0,2.0,0.3278878802577783,0.0,1.0,0.0,0.0,1.0,0.0,0.0,0.0,0.0,0.0,0.0,0.0
185,0.0,1.0599364822981268,0.0,0.0,1.5394723165407802,0.0,0.0,1.0,0.0,1.0,0.0,0.0,0.0,0.0,0.0,0.0,0.0
186,1.0,-0.5269523199964458,1.0,0.0,0.04529311897997366,0.0,1.0,0.0,1.0,0.0,0.0,0.0,0.0,0.0,0.0,0.0,0.0
187,1.0,1.0666666666666667,0.0,0.0,0.5238635576190146,0.0,0.0,1.0,0.0,1.0,0.0,0.0,0.0,0.0,0.0,0.0,0.0
188,0.0,0.7333333333333333,1.0,1.0,0.04529311897997366,0.0,1.0,1.0,1.0,0.0,0.0,0.0,0.0,0.0,0.0,0.0,0.0
189,0.0,0.4666666666666667,0.0,0.0,-0.2840412999792114,0.0,1.0,1.0,0.0,1.0,0.0,0.0,0.0,0.0,0.0,0.0,0.0
190,1.0,0.2,0.0,0.0,-0.06298073591573695,1.0,0.0,0.0,0.0,1.0,0.0,0.0,0.0,0.0,0.0,0.0,0.0
191,0.0,-0.6666666666666666,0.0,0.0,-0.06298073591573695,1.0,0.0,1.0,0.0,1.0,0.0,0.0,0.0,0.0,0.0,0.0,0.0
192,1.0,-0.6666666666666666,1.0,0.0,-0.2858429769246761,0.0,1.0,0.0,0.0,1.0,0.0,0.0,0.0,0.0,0.0,0.0,0.0
193,1.0,-1.7333333333333334,1.0,1.0,0.5000433095419583,1.0,0.0,1.0,0.0,1.0,0.0,0.0,0.0,0.0,1.0,0.0,0.0
194,1.0,1.0,0.0,0.0,0.5745703693437738,0.0,0.0,0.0,0.0,0.0,1.0,0.0,0.0,0.0,0.0,0.0,0.0
195,1.0,1.9333333333333333,0.0,0.0,5.719743953987942,0.0,0.0,0.0,0.0,0.0,1.0,0.0,0.0,0.0,0.0,0.0,0.0
196,0.0,0.1536950380776446,0.0,0.0,-0.29035583119672925,0.0,1.0,1.0,1.0,0.0,0.0,0.0,0.0,0.0,0.0,0.0,0.0
197,0.0,0.8666666666666667,0.0,1.0,-0.26202272884761973,0.0,1.0,1.0,0.0,1.0,0.0,0.0,0.0,0.0,0.0,0.0,0.0
198,1.0,-0.24817201903287486,0.0,0.0,-0.29035583119672925,0.0,1.0,0.0,1.0,0.0,0.0,0.0,0.0,0.0,0.0,0.0,0.0
199,0.0,-0.3333333333333333,0.0,0.0,-0.06298073591573695,1.0,0.0,0.0,0.0,1.0,0.0,0.0,0.0,0.0,0.0,0.0,0.0
200,0.0,-0.06666666666666667,0.0,0.0,-0.21456413276973182,0.0,1.0,1.0,0.0,1.0,0.0,0.0,0.0,0.0,0.0,0.0,0.0
201,0.0,-2.2863901397122586,8.0,2.0,2.3861738618252373,0.0,1.0,1.0,0.0,1.0,0.0,0.0,0.0,0.0,0.0,0.0,0.0
202,0.0,0.3333333333333333,0.0,0.0,-0.3446746587208094,0.0,1.0,1.0,0.0,1.0,0.0,0.0,0.0,0.0,0.0,0.0,0.0
203,0.0,1.1,0.0,0.0,-0.31309334072482853,0.0,1.0,1.0,0.0,0.0,0.0,0.0,0.0,0.0,0.0,0.0,0.0
204,1.0,-0.7333333333333333,0.0,0.0,-0.277362968609244,0.0,1.0,1.0,0.0,1.0,0.0,0.0,0.0,0.0,0.0,0.0,0.0
205,0.0,-1.8,0.0,1.0,-0.17287869863488323,0.0,1.0,0.0,0.0,1.0,0.0,0.0,0.0,0.0,0.0,1.0,0.0
206,0.0,0.2,1.0,0.0,0.06045145866537313,0.0,1.0,1.0,0.0,1.0,0.0,0.0,0.0,0.0,0.0,0.0,0.0
207,1.0,-0.2,0.0,0.0,0.18767323816783318,0.0,1.0,1.0,0.0,0.0,0.0,0.0,0.0,0.0,0.0,0.0,0.0
208,1.0,-0.8666666666666667,0.0,0.0,-0.29035583119672925,0.0,1.0,0.0,1.0,0.0,0.0,0.0,0.0,0.0,0.0,0.0,0.0
209,1.0,0.7333333333333333,0.0,0.0,0.7165910193333795,0.0,0.0,1.0,0.0,0.0,0.0,0.0,0.0,0.0,0.0,0.0,0.0
210,0.0,-0.3333333333333333,0.0,0.0,-0.32067251056752827,0.0,1.0,1.0,0.0,1.0,0.0,0.0,0.0,0.0,0.0,0.0,0.0
211,1.0,0.4,0.0,0.0,0.283495599750537,1.0,0.0,0.0,0.0,1.0,0.0,0.0,0.0,0.0,0.0,0.0,0.0
212,0.0,-0.4666666666666667,0.0,0.0,-0.3120106021758714,0.0,1.0,1.0,0.0,1.0,0.0,0.0,0.0,0.0,0.0,0.0,0.0
213,0.0,0.06666666666666667,0.0,0.0,-0.06298073591573695,1.0,0.0,1.0,0.0,1.0,0.0,0.0,0.0,0.0,0.0,0.0,0.0
214,0.0,-0.12011872944913146,1.0,0.0,-0.29035583119672925,0.0,1.0,1.0,1.0,0.0,0.0,0.0,0.0,0.0,0.0,0.0,0.0
215,1.0,0.13333333333333333,1.0,0.0,4.279883583951216,0.0,0.0,0.0,0.0,0.0,0.0,0.0,1.0,0.0,0.0,0.0,0.0
216,1.0,-0.13333333333333333,0.0,0.0,-0.2827766613540295,0.0,1.0,0.0,0.0,1.0,0.0,0.0,0.0,0.0,0.0,0.0,0.0
217,0.0,0.8666666666666667,1.0,0.0,0.5433528515002425,1.0,0.0,1.0,0.0,1.0,0.0,0.0,0.0,0.0,0.0,0.0,0.0
218,1.0,0.2,0.0,0.0,2.6781538008454024,0.0,0.0,0.0,0.0,0.0,0.0,0.0,1.0,0.0,0.0,0.0,0.0
219,0.0,0.06666666666666667,0.0,0.0,-0.1712545908114476,1.0,0.0,1.0,0.0,1.0,0.0,0.0,0.0,0.0,0.0,0.0,0.0
220,1.0,-0.8666666666666667,0.0,0.0,-0.277362968609244,0.0,1.0,1.0,0.0,1.0,0.0,0.0,0.0,0.0,0.0,0.0,0.0
221,0.0,-0.13333333333333333,0.0,0.0,-0.06298073591573695,1.0,0.0,1.0,0.0,1.0,0.0,0.0,0.0,0.0,0.0,0.0,0.0
222,0.0,1.4666666666666666,0.0,0.0,-0.277362968609244,0.0,1.0,1.0,0.0,1.0,0.0,0.0,0.0,0.0,0.0,0.0,0.0
223,0.0,0.04946804303037382,0.0,0.0,-0.2840412999792114,0.0,1.0,1.0,0.0,1.0,0.0,0.0,0.0,0.0,0.0,0.0,0.0
224,1.0,0.6,1.0,0.0,3.27185399487215,0.0,0.0,1.0,0.0,1.0,0.0,1.0,0.0,0.0,0.0,0.0,0.0
225,0.0,-0.4666666666666667,0.0,0.0,-0.2210605640634745,0.0,1.0,1.0,0.0,1.0,0.0,0.0,0.0,0.0,0.0,0.0,0.0
226,1.0,-0.6666666666666666,0.0,0.0,-0.1712545908114476,1.0,0.0,1.0,0.0,1.0,0.0,0.0,0.0,0.0,0.0,0.0,0.0
227,0.0,-0.5666666666666667,0.0,0.0,-0.3120106021758714,0.0,1.0,1.0,0.0,1.0,0.0,0.0,0.0,0.0,0.0,0.0,0.0
228,0.0,-0.7333333333333333,0.0,0.0,-0.06298073591573695,1.0,0.0,1.0,0.0,1.0,0.0,0.0,0.0,0.0,0.0,0.0,0.0
229,0.0,-0.8198046337554779,3.0,1.0,0.4769463308156052,0.0,1.0,0.0,0.0,1.0,0.0,0.0,0.0,0.0,0.0,0.0,0.0
230,1.0,0.4,1.0,0.0,2.9892592335943453,0.0,0.0,0.0,0.0,1.0,0.0,1.0,0.0,0.0,0.0,0.0,0.0
231,0.0,0.0,0.0,0.0,-0.2892730926477721,0.0,1.0,1.0,0.0,1.0,0.0,0.0,0.0,0.0,0.0,0.0,0.0
232,0.0,2.0,0.0,0.0,-0.041325964936594836,1.0,0.0,1.0,0.0,1.0,0.0,0.0,0.0,0.0,0.0,0.0,0.0
233,1.0,-1.6,4.0,2.0,0.7333734668422146,0.0,1.0,0.0,0.0,1.0,0.0,0.0,0.0,0.0,0.0,0.0,0.0
234,0.0,-0.3333333333333333,0.0,0.0,-0.1712545908114476,1.0,0.0,1.0,0.0,1.0,0.0,0.0,0.0,0.0,0.0,0.0,0.0
235,0.0,0.06603715031068873,0.0,0.0,-0.2990177395883861,0.0,1.0,0.0,0.0,1.0,0.0,0.0,0.0,0.0,0.0,0.0,0.0
236,0.0,1.0,1.0,0.0,0.5000433095419583,1.0,0.0,1.0,0.0,1.0,0.0,0.0,0.0,0.0,0.0,0.0,0.0
237,1.0,-1.4,0.0,2.0,0.5108706950315294,1.0,0.0,0.0,0.0,1.0,0.0,0.0,0.0,0.0,0.0,0.0,0.0
238,0.0,-0.6666666666666666,0.0,0.0,-0.1712545908114476,1.0,0.0,1.0,0.0,1.0,0.0,0.0,0.0,0.0,0.0,0.0,0.0
239,0.0,0.26666666666666666,0.0,0.0,-0.09438015383549303,1.0,0.0,1.0,0.0,1.0,0.0,0.0,0.0,0.0,0.0,0.0,0.0
240,0.0,-0.32029904730901393,1.0,0.0,0.0,0.0,1.0,0.0,0.0,0.0,0.0,0.0,0.0,0.0,0.0,0.0,0.0
241,1.0,-0.5269523199964458,1.0,0.0,0.04529311897997366,0.0,1.0,0.0,1.0,0.0,0.0,0.0,0.0,0.0,0.0,0.0,0.0
242,0.0,0.0,0.0,0.0,-0.1712545908114476,1.0,0.0,1.0,0.0,1.0,0.0,0.0,0.0,0.0,0.0,0.0,0.0
243,0.0,-0.4666666666666667,0.0,0.0,-0.31742429492065694,0.0,1.0,1.0,0.0,1.0,0.0,0.0,0.0,0.0,0.0,0.0,0.0
244,0.0,0.06666666666666667,0.0,0.0,-0.31309334072482853,0.0,1.0,1.0,0.0,0.0,0.0,0.0,0.0,0.0,0.0,0.0,0.0
245,0.0,1.0,2.0,0.0,3.27185399487215,0.0,0.0,1.0,1.0,0.0,0.0,1.0,0.0,0.0,0.0,0.0,0.0
246,0.0,-0.26666666666666666,0.0,0.0,-0.2892730926477721,0.0,1.0,0.0,0.0,1.0,0.0,0.0,0.0,0.0,0.0,0.0,0.0
247,1.0,-0.3333333333333333,0.0,2.0,0.001983577021689412,1.0,0.0,0.0,0.0,1.0,0.0,0.0,0.0,0.0,0.0,0.0,0.0
248,1.0,0.5333333333333333,1.0,1.0,1.6500935486106298,0.0,0.0,1.0,0.0,1.0,0.0,0.0,1.0,0.0,0.0,0.0,0.0
249,0.0,1.6666666666666667,1.0,0.0,0.5000433095419583,1.0,0.0,1.0,0.0,1.0,0.0,0.0,0.0,0.0,0.0,0.0,0.0
250,0.0,0.04988189945533937,0.0,0.0,-0.3120106021758714,0.0,1.0,1.0,0.0,1.0,0.0,0.0,0.0,0.0,0.0,0.0,0.0
251,0.0,0.0,1.0,1.0,-0.17287869863488323,0.0,1.0,0.0,0.0,1.0,0.0,0.0,0.0,0.0,0.0,1.0,0.0
252,0.0,2.2,0.0,0.0,0.5238635576190146,0.0,0.0,1.0,0.0,1.0,0.0,1.0,0.0,0.0,0.0,0.0,0.0
253,0.0,0.06666666666666667,1.0,0.0,0.07127884415494427,0.0,1.0,1.0,0.0,1.0,0.0,0.0,0.0,0.0,0.0,0.0,0.0
254,0.0,0.8,0.0,2.0,0.24938933545838812,0.0,1.0,0.0,0.0,1.0,0.0,0.0,0.0,0.0,0.0,0.0,0.0
255,1.0,0.0,0.0,2.0,0.03428383341417777,0.0,1.0,0.0,0.0,0.0,0.0,0.0,0.0,0.0,0.0,0.0,0.0
256,1.0,0.531258887197895,0.0,0.0,2.8041109417226804,0.0,0.0,0.0,0.0,0.0,0.0,0.0,0.0,0.0,0.0,0.0,0.0
257,1.0,0.06666666666666667,0.0,0.0,3.120270598018155,0.0,0.0,0.0,0.0,1.0,1.0,0.0,0.0,0.0,0.0,0.0,0.0
258,1.0,0.4,0.0,0.0,21.56273820248077,0.0,0.0,0.0,0.0,0.0,0.0,0.0,0.0,0.0,0.0,0.0,0.0
259,1.0,1.4,0.0,1.0,0.5000433095419583,1.0,0.0,0.0,0.0,1.0,0.0,0.0,0.0,0.0,0.0,0.0,0.0
260,0.0,0.1536950380776446,0.0,0.0,-0.29035583119672925,0.0,1.0,1.0,1.0,0.0,0.0,0.0,0.0,0.0,0.0,0.0,0.0
261,1.0,-1.7333333333333334,4.0,2.0,0.7333734668422146,0.0,1.0,1.0,0.0,1.0,0.0,0.0,0.0,0.0,0.0,0.0,0.0
262,0.0,1.5333333333333334,1.0,1.0,2.8236002356039083,0.0,0.0,1.0,0.0,1.0,0.0,0.0,0.0,1.0,0.0,0.0,0.0
263,0.0,0.7333333333333333,0.0,0.0,-0.6260047813734322,0.0,0.0,1.0,0.0,1.0,1.0,0.0,0.0,0.0,0.0,0.0,0.0
264,0.0,0.17004254184022471,0.0,0.0,-0.29035583119672925,0.0,1.0,0.0,1.0,0.0,0.0,0.0,0.0,0.0,0.0,0.0,0.0
265,0.0,0.4666666666666667,0.0,0.0,-0.1712545908114476,1.0,0.0,1.0,0.0,1.0,0.0,0.0,0.0,0.0,0.0,0.0,0.0
266,0.0,-0.8666666666666667,4.0,1.0,1.092842665095974,0.0,1.0,1.0,0.0,1.0,0.0,0.0,0.0,0.0,0.0,0.0,0.0
267,1.0,-0.26666666666666666,1.0,0.0,-0.2892730926477721,0.0,1.0,1.0,0.0,1.0,0.0,0.0,0.0,0.0,0.0,0.0,0.0
268,1.0,1.9333333333333333,0.0,1.0,6.020385801399765,0.0,0.0,0.0,0.0,1.0,0.0,1.0,0.0,0.0,0.0,0.0,0.0
269,1.0,0.4,0.0,0.0,5.248211315917122,0.0,0.0,0.0,0.0,1.0,0.0,1.0,0.0,0.0,0.0,0.0,0.0
270,0.0,1.0721124997560756,0.0,0.0,0.7165910193333795,0.0,0.0,1.0,0.0,1.0,0.0,0.0,0.0,0.0,0.0,0.0,0.0
271,1.0,-0.26666666666666666,0.0,0.0,-0.6260047813734322,0.0,1.0,1.0,0.0,1.0,0.0,0.0,0.0,0.0,0.0,0.0,0.0
272,1.0,0.8,0.0,1.0,0.21853128681311065,1.0,0.0,0.0,0.0,1.0,0.0,0.0,0.0,0.0,0.0,0.0,0.0
273,0.0,0.5333333333333333,0.0,1.0,0.6602886147876099,0.0,0.0,1.0,0.0,0.0,0.0,1.0,0.0,0.0,0.0,0.0,0.0
274,1.0,-0.24817201903287486,0.0,0.0,-0.29035583119672925,0.0,1.0,0.0,1.0,0.0,0.0,0.0,0.0,0.0,0.0,0.0,0.0
275,1.0,2.2666666666666666,1.0,0.0,2.7503334834730784,0.0,0.0,0.0,0.0,1.0,0.0,0.0,1.0,0.0,0.0,0.0,0.0
276,0.0,1.0666666666666667,0.0,0.0,-0.29035583119672925,0.0,1.0,0.0,0.0,1.0,0.0,0.0,0.0,0.0,0.0,0.0,0.0
277,0.0,0.4394714874038205,0.0,0.0,-0.6260047813734322,1.0,0.0,1.0,0.0,1.0,0.0,0.0,0.0,0.0,0.0,0.0,0.0
278,0.0,-1.4666666666666666,4.0,1.0,0.6353856281615965,0.0,1.0,1.0,1.0,0.0,0.0,0.0,0.0,0.0,0.0,0.0,0.0
279,1.0,0.4,1.0,1.0,0.25101344328182384,0.0,1.0,0.0,0.0,1.0,0.0,0.0,0.0,0.0,0.0,0.0,0.0
280,0.0,2.4,0.0,0.0,-0.29035583119672925,0.0,1.0,1.0,1.0,0.0,0.0,0.0,0.0,0.0,0.0,0.0,0.0
281,0.0,-0.06666666666666667,0.0,0.0,-0.2858429769246761,0.0,1.0,1.0,0.0,1.0,0.0,0.0,0.0,0.0,0.0,0.0,0.0
282,0.0,-0.8666666666666667,0.0,0.0,-0.21456413276973182,0.0,1.0,1.0,0.0,1.0,0.0,0.0,0.0,0.0,0.0,0.0,0.0
283,1.0,-0.6666666666666666,0.0,0.0,-0.277362968609244,0.0,1.0,1.0,0.0,1.0,0.0,0.0,0.0,0.0,0.0,0.0,0.0
284,0.0,1.0753167148765888,0.0,0.0,0.5000433095419583,0.0,0.0,1.0,0.0,1.0,0.0,0.0,0.0,0.0,0.0,0.0,0.0
285,0.0,0.26666666666666666,0.0,0.0,-0.2508358741597949,0.0,1.0,1.0,0.0,0.0,0.0,0.0,0.0,0.0,0.0,0.0,0.0
286,1.0,0.06666666666666667,0.0,0.0,-0.21456413276973182,0.0,1.0,1.0,0.0,1.0,0.0,0.0,0.0,0.0,0.0,0.0,0.0
287,0.0,-0.4666666666666667,0.0,0.0,-0.2840412999792114,0.0,1.0,1.0,0.0,1.0,0.0,0.0,0.0,0.0,0.0,0.0,0.0
288,1.0,0.8666666666666667,0.0,0.0,-0.06298073591573695,1.0,0.0,1.0,0.0,1.0,0.0,0.0,0.0,0.0,0.0,0.0,0.0
289,1.0,-0.4666666666666667,0.0,0.0,-0.29035583119672925,0.0,1.0,0.0,1.0,0.0,0.0,0.0,0.0,0.0,0.0,0.0,0.0
290,1.0,-0.2,0.0,0.0,2.7889526020372806,0.0,0.0,0.0,0.0,1.0,0.0,0.0,0.0,0.0,0.0,0.0,0.0
291,1.0,-0.6666666666666666,1.0,0.0,3.3185936525535307,0.0,0.0,0.0,0.0,0.0,1.0,0.0,0.0,0.0,0.0,0.0,0.0
292,0.0,0.4666666666666667,0.0,0.0,-0.06839442866052249,1.0,0.0,1.0,0.0,0.0,0.0,0.0,1.0,0.0,0.0,0.0,0.0
293,0.0,-0.3333333333333333,0.0,0.0,-0.2427153350426166,0.0,1.0,0.0,0.0,1.0,0.0,0.0,0.0,0.0,0.0,0.0,0.0
294,0.0,-0.3333333333333333,0.0,0.0,-0.2840412999792114,0.0,1.0,1.0,0.0,1.0,0.0,0.0,0.0,0.0,0.0,0.0,0.0
295,0.0,0.9661160305147954,0.0,0.0,0.5745703693437738,0.0,0.0,1.0,0.0,0.0,0.0,0.0,0.0,0.0,0.0,0.0,0.0
296,0.0,-0.36666666666666664,0.0,0.0,-0.3129114406486037,0.0,1.0,1.0,0.0,0.0,0.0,0.0,0.0,0.0,0.0,0.0,0.0
297,0.0,-1.8,1.0,2.0,5.937556302404546,0.0,0.0,0.0,0.0,1.0,0.0,1.0,0.0,0.0,0.0,0.0,0.0
298,1.0,0.6032644704414897,0.0,0.0,0.6949362483542374,0.0,0.0,1.0,0.0,1.0,0.0,1.0,0.0,0.0,0.0,0.0,0.0
299,1.0,1.4,0.0,1.0,10.094007691774651,0.0,0.0,0.0,0.0,0.0,1.0,0.0,0.0,0.0,0.0,0.0,0.0
300,1.0,-0.24817201903287486,0.0,0.0,-0.29035583119672925,0.0,1.0,0.0,1.0,0.0,0.0,0.0,0.0,0.0,0.0,0.0,0.0
301,1.0,-0.8220801247225971,2.0,0.0,0.38094206915667655,0.0,1.0,1.0,1.0,0.0,0.0,0.0,0.0,0.0,0.0,0.0,0.0
302,0.0,-0.6666666666666666,0.0,0.0,-0.6260047813734322,0.0,1.0,1.0,0.0,1.0,0.0,0.0,0.0,0.0,0.0,0.0,0.0
303,1.0,0.2557201135115543,0.0,0.0,-0.09113193818862174,1.0,0.0,0.0,1.0,0.0,0.0,0.0,0.0,1.0,0.0,0.0,0.0
304,0.0,0.049369225036057195,0.0,0.0,-0.277362968609244,0.0,1.0,1.0,0.0,1.0,0.0,0.0,0.0,0.0,0.0,0.0,0.0
305,1.0,-1.8719999999999999,1.0,2.0,5.937556302404546,0.0,0.0,1.0,0.0,1.0,0.0,1.0,0.0,0.0,0.0,0.0,0.0
306,1.0,0.5109548654123458,0.0,0.0,4.1763001524495875,0.0,0.0,0.0,0.0,0.0,0.0,0.0,0.0,0.0,0.0,0.0,0.0
307,1.0,-0.8,1.0,0.0,4.090404337883722,0.0,0.0,0.0,0.0,0.0,0.0,1.0,0.0,0.0,0.0,0.0,0.0
308,0.0,0.06666666666666667,1.0,0.0,0.4134242256253898,1.0,0.0,1.0,0.0,0.0,0.0,0.0,0.0,0.0,0.0,0.0,0.0
309,1.0,0.06666666666666667,0.0,0.0,1.8395727946781235,0.0,0.0,0.0,0.0,0.0,0.0,0.0,0.0,1.0,0.0,0.0,0.0
310,1.0,-0.3333333333333333,0.0,0.0,2.9755431016561564,0.0,0.0,0.0,0.0,0.0,0.0,1.0,0.0,0.0,0.0,0.0,0.0
311,1.0,-0.7333333333333333,2.0,2.0,10.737336289931397,0.0,0.0,0.0,0.0,0.0,1.0,0.0,0.0,0.0,0.0,0.0,0.0
312,0.0,-0.2,1.0,1.0,0.5000433095419583,1.0,0.0,0.0,0.0,1.0,0.0,0.0,0.0,0.0,0.0,0.0,0.0
313,0.0,-0.06666666666666667,0.0,0.0,-0.2840412999792114,0.0,1.0,1.0,0.0,1.0,0.0,0.0,0.0,0.0,0.0,0.0,0.0
314,0.0,0.9333333333333333,1.0,1.0,0.5108706950315294,1.0,0.0,1.0,0.0,1.0,0.0,0.0,0.0,0.0,0.0,0.0,0.0
315,1.0,-0.2,0.0,0.0,-0.2858429769246761,0.0,1.0,0.0,0.0,1.0,0.0,0.0,0.0,0.0,0.0,0.0,0.0
316,1.0,-0.3333333333333333,1.0,0.0,0.5000433095419583,1.0,0.0,0.0,0.0,1.0,0.0,0.0,0.0,0.0,0.0,0.0,0.0
317,0.0,1.6666666666666667,0.0,0.0,-0.01967119395745271,1.0,0.0,1.0,0.0,1.0,0.0,0.0,0.0,0.0,0.0,0.0,0.0
318,1.0,0.13333333333333333,0.0,2.0,6.51429647980043,0.0,0.0,0.0,0.0,1.0,0.0,1.0,0.0,0.0,0.0,0.0,0.0
319,1.0,0.7333333333333333,1.0,1.0,5.199128612015799,0.0,0.0,0.0,0.0,0.0,0.0,0.0,0.0,1.0,0.0,0.0,0.0
320,0.0,-0.4666666666666667,0.0,0.0,-0.3120106021758714,0.0,1.0,1.0,0.0,1.0,0.0,0.0,0.0,0.0,0.0,0.0,0.0
321,0.0,-0.13333333333333333,0.0,0.0,-0.2840412999792114,0.0,1.0,1.0,0.0,1.0,0.0,0.0,0.0,0.0,0.0,0.0,0.0
322,1.0,0.06666666666666667,0.0,0.0,-0.09113193818862174,1.0,0.0,0.0,1.0,0.0,0.0,0.0,0.0,0.0,0.0,0.0,0.0
323,1.0,-0.4666666666666667,1.0,1.0,0.629971935416811,1.0,0.0,0.0,0.0,1.0,0.0,0.0,0.0,0.0,0.0,0.0,0.0
324,0.0,-2.2863901397122586,8.0,2.0,2.3861738618252373,0.0,1.0,1.0,0.0,1.0,0.0,0.0,0.0,0.0,0.0,0.0,0.0
325,1.0,0.4666666666666667,0.0,0.0,5.248211315917122,0.0,0.0,0.0,0.0,0.0,0.0,1.0,0.0,0.0,0.0,0.0,0.0
326,0.0,2.1333333333333333,0.0,0.0,-0.35586151340863414,0.0,1.0,1.0,0.0,1.0,0.0,0.0,0.0,0.0,0.0,0.0,0.0
327,1.0,0.4666666666666667,0.0,0.0,-0.06298073591573695,1.0,0.0,0.0,0.0,1.0,0.0,0.0,1.0,0.0,0.0,0.0,0.0
328,1.0,0.13333333333333333,1.0,1.0,0.26292356732035194,0.0,1.0,0.0,0.0,1.0,0.0,0.0,0.0,0.0,0.0,0.0,0.0
329,1.0,-0.8666666666666667,0.0,1.0,1.8850478137343218,0.0,0.0,0.0,0.0,0.0,1.0,0.0,0.0,0.0,0.0,0.0,0.0
330,1.0,-0.805732620960017,2.0,0.0,0.38094206915667655,0.0,1.0,0.0,1.0,0.0,0.0,0.0,0.0,0.0,0.0,0.0,0.0
331,0.0,1.1,0.0,0.0,0.6083171644376689,0.0,0.0,1.0,0.0,1.0,0.0,1.0,0.0,0.0,0.0,0.0,0.0
332,0.0,0.6,0.0,1.0,6.020385801399765,0.0,0.0,1.0,0.0,1.0,0.0,1.0,0.0,0.0,0.0,0.0,0.0
333,0.0,-0.8666666666666667,2.0,0.0,0.15356697387568427,0.0,1.0,1.0,0.0,1.0,0.0,0.0,0.0,0.0,0.0,0.0,0.0
334,1.0,0.3306491386946509,1.0,0.0,5.162315501351258,0.0,0.0,0.0,0.0,1.0,0.0,0.0,0.0,0.0,0.0,0.0,0.0
335,0.0,0.04946804303037382,0.0,0.0,-0.2840412999792114,0.0,1.0,1.0,0.0,1.0,0.0,0.0,0.0,0.0,0.0,0.0,0.0
336,0.0,0.0,1.0,0.0,2.2584107130482987,0.0,0.0,1.0,0.0,1.0,0.0,1.0,0.0,0.0,0.0,0.0,0.0
337,1.0,0.8,0.0,0.0,5.199128612015799,0.0,0.0,0.0,0.0,0.0,0.0,0.0,0.0,1.0,0.0,0.0,0.0
338,1.0,1.0666666666666667,0.0,0.0,-0.277362968609244,0.0,1.0,1.0,0.0,1.0,0.0,0.0,0.0,0.0,0.0,0.0,0.0
339,0.0,1.0666666666666667,0.0,0.0,0.9114839581456586,0.0,0.0,1.0,0.0,1.0,0.0,0.0,0.0,0.0,0.0,0.0,1.0
340,1.0,-1.8,1.0,1.0,0.5000433095419583,1.0,0.0,1.0,0.0,1.0,0.0,0.0,0.0,0.0,1.0,0.0,0.0
341,1.0,-0.3333333333333333,3.0,2.0,10.764404753655324,0.0,0.0,0.0,0.0,1.0,0.0,1.0,0.0,0.0,0.0,0.0,0.0
342,0.0,-0.06666666666666667,0.0,0.0,-0.06298073591573695,1.0,0.0,1.0,0.0,1.0,0.0,0.0,0.0,0.0,0.0,0.0,0.0
343,0.0,-0.26666666666666666,0.0,0.0,-0.06298073591573695,1.0,0.0,1.0,0.0,1.0,0.0,0.0,0.0,0.0,0.0,0.0,0.0
344,0.0,0.4666666666666667,0.0,0.0,-0.06298073591573695,1.0,0.0,1.0,0.0,1.0,0.0,0.0,0.0,0.0,0.0,0.0,0.0
345,1.0,-0.3333333333333333,0.0,0.0,-0.06298073591573695,1.0,0.0,0.0,0.0,1.0,0.0,0.0,0.0,0.0,1.0,0.0,0.0
346,1.0,0.7333333333333333,0.0,0.0,-0.06298073591573695,1.0,0.0,0.0,0.0,1.0,0.0,0.0,0.0,0.0,0.0,0.0,0.0
347,1.0,-0.6314703859452642,1.0,0.0,0.07127884415494427,0.0,1.0,0.0,0.0,1.0,0.0,0.0,0.0,0.0,0.0,0.0,0.0
348,1.0,-1.7333333333333334,1.0,1.0,0.06261693576328738,0.0,1.0,1.0,0.0,1.0,0.0,0.0,0.0,0.0,0.0,0.0,0.0
349,0.0,0.8666666666666667,0.0,0.0,-0.2508358741597949,0.0,1.0,1.0,0.0,1.0,0.0,0.0,0.0,0.0,0.0,0.0,0.0
350,0.0,-0.4,0.0,0.0,-0.22647425680826,0.0,1.0,1.0,0.0,1.0,0.0,0.0,0.0,0.0,0.0,0.0,0.0
351,0.0,1.0185952377061278,0.0,0.0,0.8898291871665165,0.0,0.0,1.0,0.0,1.0,0.0,1.0,0.0,0.0,0.0,0.0,0.0
352,0.0,-0.9333333333333333,1.0,1.0,-0.3129114406486037,0.0,1.0,1.0,0.0,0.0,0.0,0.0,0.0,0.0,0.0,0.0,0.0
353,0.0,-0.26666666666666666,1.0,0.0,0.14490506548402746,0.0,1.0,1.0,0.0,1.0,0.0,0.0,0.0,0.0,0.0,0.0,0.0
354,0.0,-0.058200001154975686,0.0,0.0,-0.31309334072482853,0.0,1.0,1.0,0.0,0.0,0.0,0.0,0.0,0.0,0.0,0.0,0.0
355,0.0,-0.06666666666666667,0.0,0.0,-0.21456413276973182,0.0,1.0,1.0,0.0,1.0,0.0,0.0,0.0,0.0,0.0,0.0,0.0
356,1.0,-0.4666666666666667,0.0,1.0,1.7560200263322014,0.0,0.0,0.0,0.0,1.0,0.0,0.0,0.0,1.0,0.0,0.0,0.0
357,0.0,0.6,0.0,0.0,-0.06298073591573695,1.0,0.0,0.0,0.0,1.0,0.0,0.0,0.0,0.0,0.0,0.0,0.0
358,1.0,-0.2482548159515891,0.0,0.0,-0.28476023837571895,0.0,1.0,0.0,1.0,0.0,0.0,0.0,0.0,0.0,0.0,0.0,0.0
359,1.0,-0.2482548159515891,0.0,0.0,-0.28476023837571895,0.0,1.0,0.0,1.0,0.0,0.0,0.0,0.0,0.0,0.0,0.0,0.0
360,0.0,0.7333333333333333,1.0,4.0,0.5823314392626983,0.0,1.0,1.0,0.0,1.0,0.0,0.0,0.0,0.0,0.0,0.0,0.0
361,0.0,0.0,1.0,0.0,0.5745703693437738,1.0,0.0,1.0,0.0,0.0,0.0,0.0,0.0,0.0,0.0,0.0,0.0
362,0.0,1.0666666666666667,0.0,1.0,0.0,0.0,1.0,0.0,0.0,0.0,0.0,0.0,0.0,0.0,0.0,0.0,0.0
363,0.0,0.4,0.0,0.0,-0.32067251056752827,0.0,1.0,1.0,0.0,1.0,0.0,0.0,0.0,0.0,0.0,0.0,0.0
364,0.0,-0.12508526288592633,1.0,0.0,0.04529311897997366,0.0,1.0,1.0,1.0,0.0,0.0,0.0,0.0,0.0,0.0,0.0,0.0
365,0.0,0.06666666666666667,0.0,0.0,-0.3120106021758714,0.0,1.0,1.0,0.0,1.0,0.0,0.0,0.0,0.0,0.0,0.0,0.0
366,1.0,2.066666666666667,1.0,0.0,2.6330382509874575,0.0,0.0,0.0,0.0,0.0,0.0,0.0,1.0,0.0,0.0,0.0,0.0
367,1.0,-0.4600697498061964,0.0,0.0,-0.3129114406486037,0.0,1.0,0.0,0.0,0.0,0.0,0.0,0.0,0.0,0.0,0.0,0.0
368,1.0,-0.24817201903287486,0.0,0.0,-0.29035583119672925,0.0,1.0,0.0,1.0,0.0,0.0,0.0,0.0,0.0,0.0,0.0,0.0
369,1.0,-0.3333333333333333,0.0,0.0,2.375346476335666,0.0,0.0,0.0,0.0,0.0,1.0,0.0,0.0,0.0,0.0,0.0,0.0
370,1.0,-0.26666666666666666,1.0,0.0,1.7751498510151755,0.0,0.0,1.0,0.0,0.0,0.0,0.0,0.0,1.0,0.0,0.0,0.0
371,0.0,-0.7333333333333333,1.0,0.0,-0.3446746587208094,0.0,1.0,1.0,0.0,1.0,0.0,0.0,0.0,0.0,0.0,0.0,0.0
372,0.0,-0.6666666666666666,0.0,0.0,-0.277362968609244,0.0,1.0,1.0,0.0,1.0,0.0,0.0,0.0,0.0,0.0,0.0,0.0
373,0.0,-0.4666666666666667,0.0,0.0,5.248211315917122,0.0,0.0,1.0,0.0,0.0,0.0,0.0,0.0,0.0,0.0,0.0,0.0
374,0.0,-1.7333333333333334,3.0,1.0,0.2867438153974083,0.0,1.0,0.0,0.0,1.0,0.0,0.0,0.0,0.0,0.0,0.0,0.0
375,1.0,0.2555413032151146,1.0,0.0,2.9327749289723513,0.0,0.0,0.0,0.0,0.0,0.0,0.0,0.0,0.0,0.0,0.0,0.0
376,1.0,-0.4666666666666667,0.0,0.0,-0.3120106021758714,0.0,1.0,0.0,0.0,1.0,0.0,0.0,0.0,0.0,0.0,0.0,0.0
377,0.0,-0.13333333333333333,0.0,2.0,8.533963342803686,0.0,0.0,1.0,0.0,0.0,0.0,1.0,0.0,0.0,0.0,0.0,0.0
378,0.0,-0.6,0.0,0.0,-0.4522252442658167,0.0,1.0,1.0,0.0,0.0,0.0,0.0,0.0,0.0,0.0,0.0,0.0
379,0.0,-0.6666666666666666,0.0,0.0,-0.2892730926477721,0.0,1.0,1.0,0.0,1.0,0.0,0.0,0.0,0.0,0.0,0.0,0.0
380,1.0,0.8666666666666667,0.0,0.0,9.227998752685192,0.0,0.0,0.0,0.0,0.0,0.0,0.0,0.0,0.0,0.0,0.0,0.0
381,1.0,-1.8666666666666667,0.0,2.0,0.055761035271290955,0.0,1.0,0.0,0.0,0.0,0.0,0.0,0.0,0.0,0.0,0.0,0.0
382,0.0,0.2,0.0,0.0,-0.2827766613540295,0.0,1.0,1.0,0.0,1.0,0.0,0.0,0.0,0.0,0.0,0.0,0.0
383,1.0,0.4,1.0,0.0,1.6260914004573488,0.0,0.0,0.0,0.0,1.0,0.0,0.0,0.0,0.0,0.0,0.0,0.0
384,0.0,0.04946804303037382,0.0,0.0,-0.2840412999792114,0.0,1.0,1.0,0.0,1.0,0.0,0.0,0.0,0.0,0.0,0.0,0.0
385,0.0,-0.7333333333333333,0.0,0.0,2.55724655256046,1.0,0.0,1.0,0.0,1.0,0.0,0.0,0.0,0.0,0.0,0.0,0.0
386,0.0,-1.8666666666666667,5.0,2.0,1.405212736470099,0.0,1.0,1.0,0.0,1.0,0.0,0.0,0.0,0.0,0.0,0.0,0.0
387,1.0,0.4666666666666667,0.0,0.0,-0.06298073591573695,1.0,0.0,0.0,0.0,1.0,0.0,0.0,0.0,0.0,0.0,0.0,0.0
388,0.0,0.153708367612546,0.0,0.0,-0.29125666966946157,0.0,1.0,1.0,1.0,0.0,0.0,0.0,0.0,0.0,0.0,0.0,0.0
389,1.0,-0.8,0.0,0.0,-0.1062902778740212,1.0,0.0,0.0,0.0,0.0,0.0,0.0,0.0,0.0,0.0,0.0,0.0
390,1.0,0.4666666666666667,1.0,2.0,4.571140253620677,0.0,0.0,1.0,0.0,1.0,1.0,0.0,0.0,0.0,0.0,0.0,0.0
391,1.0,-0.5333333333333333,0.0,0.0,-0.28837225417503987,0.0,1.0,1.0,0.0,1.0,0.0,0.0,0.0,0.0,0.0,0.0,0.0
392,0.0,-0.06666666666666667,2.0,0.0,-0.2827766613540295,0.0,1.0,1.0,0.0,1.0,0.0,0.0,0.0,0.0,0.0,0.0,0.0
393,1.0,-0.4,1.0,0.0,4.279883583951216,0.0,0.0,0.0,0.0,0.0,0.0,0.0,1.0,0.0,0.0,0.0,0.0
394,1.0,-0.3333333333333333,0.0,2.0,0.09726456932991473,0.0,1.0,0.0,0.0,1.0,0.0,0.0,0.0,0.0,0.0,1.0,0.0
395,0.0,-0.4666666666666667,0.0,0.0,-0.28837225417503987,0.0,1.0,1.0,0.0,1.0,0.0,0.0,0.0,0.0,0.0,0.0,0.0
396,0.0,0.13333333333333333,0.0,0.0,-0.2858429769246761,0.0,1.0,0.0,0.0,1.0,0.0,0.0,0.0,0.0,0.0,0.0,0.0
397,0.0,1.1333333333333333,0.0,0.0,0.5000433095419583,1.0,0.0,1.0,0.0,1.0,0.0,0.0,0.0,0.0,0.0,0.0,0.0
398,0.0,-0.4,0.0,0.0,-0.1712545908114476,1.0,0.0,1.0,0.0,1.0,0.0,0.0,0.0,0.0,0.0,0.0,0.0
399,1.0,-0.06666666666666667,0.0,0.0,-0.07813907560113643,1.0,0.0,0.0,0.0,1.0,0.0,0.0,0.0,0.0,0.0,0.0,0.0
400,1.0,0.6666666666666666,0.0,0.0,-0.2827766613540295,0.0,1.0,1.0,0.0,1.0,0.0,0.0,0.0,0.0,0.0,0.0,0.0
401,0.0,-0.2,0.0,0.0,-0.277362968609244,0.0,1.0,1.0,0.0,1.0,0.0,0.0,0.0,0.0,0.0,0.0,0.0
402,0.0,-0.5333333333333333,1.0,0.0,-0.20048853163328947,0.0,1.0,0.0,0.0,1.0,0.0,0.0,0.0,0.0,0.0,0.0,0.0
403,0.0,-0.06666666666666667,1.0,0.0,0.06045145866537313,0.0,1.0,1.0,0.0,1.0,0.0,0.0,0.0,0.0,0.0,0.0,0.0
404,0.0,-0.6,0.0,0.0,-0.2508358741597949,0.0,1.0,0.0,0.0,1.0,0.0,0.0,0.0,0.0,0.0,0.0,0.0
405,0.0,0.3333333333333333,1.0,0.0,0.283495599750537,1.0,0.0,1.0,0.0,1.0,0.0,0.0,0.0,0.0,0.0,0.0,0.0
406,0.0,1.4666666666666666,0.0,0.0,-0.29035583119672925,0.0,1.0,1.0,0.0,1.0,0.0,0.0,0.0,0.0,0.0,0.0,0.0
407,1.0,-1.7333333333333334,1.0,1.0,0.18604913034439746,1.0,0.0,1.0,0.0,1.0,0.0,0.0,0.0,0.0,0.0,0.0,0.0
408,0.0,-0.5333333333333333,0.0,0.0,-0.2892730926477721,0.0,1.0,1.0,0.0,1.0,0.0,0.0,0.0,0.0,0.0,0.0,0.0
409,0.0,-0.8198046337554779,3.0,1.0,0.4769463308156052,0.0,1.0,0.0,0.0,1.0,0.0,0.0,0.0,0.0,0.0,0.0,0.0
410,0.0,0.04946804303037382,0.0,0.0,-0.2840412999792114,0.0,1.0,1.0,0.0,1.0,0.0,0.0,0.0,0.0,0.0,0.0,0.0
411,0.0,0.15426647780223704,0.0,0.0,-0.32897494976093133,0.0,1.0,1.0,1.0,0.0,0.0,0.0,0.0,0.0,0.0,0.0,0.0
412,1.0,0.26666666666666666,1.0,0.0,3.27185399487215,0.0,0.0,0.0,1.0,0.0,0.0,1.0,0.0,0.0,0.0,0.0,0.0
413,0.0,0.4394714874038205,0.0,0.0,-0.6260047813734322,1.0,0.0,1.0,0.0,1.0,0.0,0.0,0.0,0.0,0.0,0.0,0.0
414,1.0,1.0,0.0,0.0,-0.2827766613540295,0.0,1.0,1.0,0.0,1.0,0.0,0.0,0.0,0.0,0.0,0.0,0.0
415,0.0,0.06571672879863731,0.0,0.0,-0.277362968609244,0.0,1.0,0.0,0.0,1.0,0.0,0.0,0.0,0.0,0.0,0.0,0.0
416,1.0,0.3333333333333333,1.0,1.0,0.7815553322708059,1.0,0.0,0.0,0.0,1.0,0.0,0.0,0.0,0.0,0.0,0.0,0.0
417,1.0,-0.7333333333333333,0.0,2.0,-0.06298073591573695,1.0,0.0,0.0,0.0,1.0,0.0,0.0,0.0,0.0,0.0,0.0,0.0
418,0.0,0.06666666666666667,0.0,0.0,-0.06298073591573695,1.0,0.0,1.0,0.0,1.0,0.0,0.0,0.0,0.0,0.0,0.0,0.0
419,0.0,-1.2666666666666666,0.0,2.0,0.41992065691913233,0.0,1.0,0.0,0.0,1.0,0.0,0.0,0.0,0.0,0.0,0.0,0.0
420,0.0,-0.05862987865554364,0.0,0.0,-0.2840412999792114,0.0,1.0,1.0,0.0,0.0,0.0,0.0,0.0,0.0,0.0,0.0,0.0
421,0.0,-0.5333333333333333,0.0,0.0,-0.29107910054743263,0.0,1.0,1.0,1.0,0.0,0.0,0.0,0.0,0.0,0.0,0.0,0.0
422,0.0,0.0,0.0,0.0,-0.2849421384519437,0.0,1.0,1.0,0.0,1.0,0.0,0.0,0.0,0.0,0.0,0.0,0.0
423,0.0,-0.06666666666666667,1.0,1.0,-0.002347377174138998,0.0,1.0,0.0,0.0,1.0,0.0,0.0,0.0,0.0,0.0,0.0,0.0
424,0.0,-0.7333333333333333,1.0,1.0,0.24938933545838812,0.0,1.0,1.0,0.0,1.0,0.0,0.0,0.0,0.0,0.0,0.0,0.0
425,0.0,0.04988189945533937,0.0,0.0,-0.3120106021758714,0.0,1.0,1.0,0.0,1.0,0.0,0.0,0.0,0.0,0.0,0.0,0.0
426,1.0,-0.06666666666666667,1.0,0.0,0.5000433095419583,1.0,0.0,0.0,0.0,1.0,0.0,0.0,0.0,0.0,0.0,0.0,0.0
427,1.0,-0.6666666666666666,0.0,0.0,0.5000433095419583,1.0,0.0,0.0,0.0,1.0,0.0,0.0,0.0,0.0,0.0,0.0,0.0
428,0.0,0.1536950380776446,0.0,0.0,-0.29035583119672925,0.0,1.0,1.0,1.0,0.0,0.0,0.0,0.0,0.0,0.0,0.0,0.0
429,1.0,0.2,0.0,0.0,-0.277362968609244,0.0,1.0,1.0,0.0,1.0,0.0,0.0,0.0,1.0,0.0,0.0,0.0
430,1.0,-0.06666666666666667,0.0,0.0,0.5238635576190146,0.0,0.0,1.0,0.0,1.0,0.0,1.0,0.0,0.0,0.0,0.0,0.0
431,1.0,-0.6314703859452642,1.0,0.0,0.07127884415494427,0.0,1.0,0.0,0.0,1.0,0.0,0.0,0.0,0.0,0.0,0.0,0.0
432,1.0,0.8666666666666667,1.0,0.0,0.5000433095419583,1.0,0.0,0.0,0.0,1.0,0.0,0.0,0.0,0.0,0.0,0.0,0.0
433,0.0,-0.8,0.0,0.0,-0.31742429492065694,0.0,1.0,1.0,0.0,1.0,0.0,0.0,0.0,0.0,0.0,0.0,0.0
434,0.0,1.4,1.0,0.0,1.7949986140946572,0.0,0.0,1.0,0.0,1.0,0.0,0.0,0.0,1.0,0.0,0.0,0.0
435,1.0,-1.0,1.0,2.0,4.571140253620677,0.0,0.0,0.0,0.0,1.0,1.0,0.0,0.0,0.0,0.0,0.0,0.0
436,0.0,-0.5333333333333333,2.0,2.0,0.8627607234425888,0.0,1.0,0.0,0.0,1.0,0.0,0.0,0.0,0.0,0.0,0.0,0.0
437,1.0,-0.3333333333333333,2.0,3.0,0.18604913034439746,1.0,0.0,0.0,0.0,1.0,0.0,0.0,0.0,0.0,0.0,0.0,0.0
438,0.0,2.3333333333333335,1.0,4.0,10.764404753655324,0.0,0.0,1.0,0.0,1.0,0.0,1.0,0.0,0.0,0.0,0.0,0.0
439,0.0,0.13333333333333333,0.0,0.0,-0.1712545908114476,1.0,0.0,1.0,0.0,1.0,0.0,0.0,0.0,0.0,0.0,0.0,0.0
440,1.0,1.0666666666666667,1.0,1.0,0.5108706950315294,1.0,0.0,0.0,0.0,1.0,0.0,0.0,0.0,0.0,0.0,0.0,0.0
441,0.0,-0.6,0.0,0.0,-0.21456413276973182,0.0,1.0,1.0,0.0,1.0,0.0,0.0,0.0,0.0,0.0,0.0,0.0
442,0.0,-0.26666666666666666,1.0,0.0,-0.2892730926477721,0.0,1.0,1.0,0.0,1.0,0.0,0.0,0.0,0.0,0.0,0.0,0.0
443,1.0,-0.06666666666666667,0.0,0.0,-0.06298073591573695,1.0,0.0,0.0,0.0,1.0,0.0,0.0,0.0,0.0,0.0,0.0,0.0
444,1.0,-0.368885388526049,0.0,0.0,-0.2746561222368512,0.0,1.0,1.0,0.0,1.0,0.0,0.0,0.0,0.0,0.0,0.0,0.0
445,1.0,-1.6666666666666667,0.0,2.0,2.919240697110387,0.0,0.0,1.0,0.0,1.0,0.0,0.0,0.0,0.0,0.0,0.0,0.0
446,1.0,-1.0666666666666667,0.0,1.0,0.21853128681311065,1.0,0.0,0.0,0.0,1.0,0.0,0.0,0.0,0.0,0.0,0.0,0.0
447,1.0,0.3333333333333333,0.0,0.0,0.5238635576190146,0.0,0.0,1.0,0.0,1.0,0.0,0.0,0.0,0.0,0.0,0.0,0.0
448,1.0,-1.6,2.0,1.0,0.20806337052179327,0.0,1.0,0.0,0.0,0.0,0.0,0.0,0.0,0.0,0.0,0.0,0.0
449,1.0,1.5333333333333334,0.0,0.0,0.6949362483542374,0.0,0.0,1.0,0.0,1.0,0.0,1.0,0.0,0.0,0.0,0.0,0.0
450,0.0,0.4666666666666667,1.0,2.0,0.5758350079689557,1.0,0.0,1.0,0.0,1.0,0.0,0.0,0.0,0.0,0.0,0.0,0.0
451,0.0,-0.23208127655604235,1.0,0.0,0.2387438500450419,0.0,1.0,1.0,0.0,1.0,0.0,0.0,0.0,0.0,0.0,0.0,0.0
452,0.0,0.06666666666666667,0.0,0.0,0.5758350079689557,0.0,0.0,1.0,0.0,0.0,0.0,1.0,0.0,0.0,0.0,0.0,0.0
453,1.0,1.3333333333333333,1.0,0.0,3.2330573071859194,0.0,0.0,1.0,0.0,0.0,0.0,1.0,0.0,0.0,0.0,0.0,0.0
454,0.0,0.049369225036057195,0.0,0.0,-0.277362968609244,0.0,1.0,1.0,0.0,1.0,0.0,0.0,0.0,0.0,0.0,0.0,0.0
455,1.0,0.0,0.0,0.0,-0.2840412999792114,0.0,1.0,1.0,0.0,0.0,0.0,0.0,0.0,0.0,0.0,0.0,0.0
456,0.0,2.4,0.0,0.0,0.5238635576190146,0.0,0.0,1.0,0.0,1.0,0.0,0.0,0.0,1.0,0.0,0.0,0.0
457,1.0,0.5382129067578466,1.0,0.0,1.6201363384380845,0.0,0.0,0.0,0.0,1.0,0.0,0.0,1.0,0.0,0.0,0.0,0.0
458,1.0,1.4,0.0,0.0,-0.1712545908114476,1.0,0.0,0.0,0.0,1.0,0.0,0.0,0.0,0.0,0.0,0.0,0.0
459,0.0,0.1536950380776446,0.0,0.0,-0.29035583119672925,0.0,1.0,1.0,1.0,0.0,0.0,0.0,0.0,0.0,0.0,0.0,0.0
460,1.0,1.2666666666666666,0.0,0.0,0.5238635576190146,0.0,0.0,1.0,0.0,1.0,0.0,0.0,0.0,1.0,0.0,0.0,0.0
461,0.0,0.3333333333333333,0.0,0.0,-0.277362968609244,0.0,1.0,1.0,0.0,1.0,0.0,0.0,0.0,0.0,0.0,0.0,0.0
462,0.0,1.2,0.0,0.0,1.0414125840205113,0.0,0.0,1.0,0.0,1.0,0.0,0.0,0.0,1.0,0.0,0.0,0.0
463,0.0,1.2666666666666666,0.0,0.0,-0.06298073591573695,1.0,0.0,1.0,0.0,1.0,0.0,0.0,0.0,0.0,0.0,0.0,0.0
464,0.0,0.049369225036057195,0.0,0.0,-0.277362968609244,0.0,1.0,1.0,0.0,1.0,0.0,0.0,0.0,0.0,0.0,0.0,0.0
465,0.0,0.6,0.0,0.0,-0.32067251056752827,0.0,1.0,1.0,0.0,1.0,0.0,0.0,0.0,0.0,0.0,0.0,0.0
466,0.0,0.4394714874038205,0.0,0.0,-0.6260047813734322,1.0,0.0,1.0,0.0,1.0,0.0,0.0,0.0,0.0,0.0,0.0,0.0
467,0.0,1.8,0.0,0.0,0.5238635576190146,0.0,0.0,1.0,0.0,1.0,0.0,0.0,0.0,0.0,0.0,0.0,0.0
468,0.0,0.15371105915324723,0.0,0.0,-0.2914385697456864,0.0,1.0,1.0,1.0,0.0,0.0,0.0,0.0,0.0,0.0,0.0,0.0
469,1.0,-1.8833333333333333,2.0,1.0,0.20806337052179327,0.0,1.0,0.0,0.0,0.0,0.0,0.0,0.0,0.0,0.0,0.0,0.0
470,0.0,0.04988189945533937,0.0,0.0,-0.3120106021758714,0.0,1.0,1.0,0.0,1.0,0.0,0.0,0.0,0.0,0.0,0.0,0.0
471,0.0,0.6,0.0,0.0,-0.2508358741597949,0.0,1.0,1.0,0.0,1.0,0.0,0.0,0.0,0.0,0.0,0.0,0.0
472,1.0,0.26666666666666666,1.0,2.0,0.5758350079689557,1.0,0.0,0.0,0.0,1.0,0.0,0.0,0.0,0.0,0.0,0.0,0.0
473,1.0,-0.4,0.0,0.0,-0.028692571547363297,1.0,0.0,0.0,0.0,0.0,0.0,0.0,1.0,0.0,0.0,0.0,0.0
474,0.0,-0.4666666666666667,0.0,0.0,-0.19994716235881088,0.0,1.0,0.0,0.0,1.0,0.0,0.0,0.0,0.0,0.0,0.0,0.0
475,0.0,1.0586547962499215,0.0,0.0,1.6260914004573488,0.0,0.0,1.0,0.0,1.0,0.0,0.0,0.0,0.0,0.0,0.0,0.0
476,0.0,0.3333333333333333,1.0,0.0,0.283495599750537,1.0,0.0,1.0,0.0,1.0,0.0,0.0,0.0,0.0,0.0,0.0,0.0
477,0.0,0.0,1.0,0.0,-0.32085441064375303,0.0,1.0,1.0,0.0,1.0,0.0,0.0,0.0,0.0,0.0,0.0,0.0
478,0.0,-0.4666666666666667,0.0,0.0,-0.300282378213568,0.0,1.0,1.0,0.0,1.0,0.0,0.0,0.0,0.0,0.0,0.0,0.0
479,1.0,-1.8,0.0,1.0,-0.09383878456101451,0.0,1.0,0.0,0.0,1.0,0.0,0.0,0.0,0.0,0.0,0.0,0.0
480,0.0,-1.3333333333333333,5.0,2.0,1.405212736470099,0.0,1.0,1.0,0.0,1.0,0.0,0.0,0.0,0.0,0.0,0.0,0.0
481,0.0,0.4394714874038205,0.0,0.0,-0.6260047813734322,1.0,0.0,1.0,0.0,1.0,0.0,0.0,0.0,0.0,0.0,0.0,0.0
482,0.0,1.4,0.0,0.0,-0.277362968609244,0.0,1.0,1.0,0.0,1.0,0.0,0.0,0.0,0.0,0.0,0.0,0.0
483,1.0,2.2666666666666666,0.0,0.0,-0.21077454784838193,0.0,1.0,0.0,0.0,1.0,0.0,0.0,0.0,0.0,0.0,0.0,0.0
484,1.0,-0.26666666666666666,1.0,0.0,3.3185936525535307,0.0,0.0,1.0,0.0,0.0,1.0,0.0,0.0,0.0,0.0,0.0,0.0
485,0.0,-0.8198046337554779,3.0,1.0,0.4769463308156052,0.0,1.0,0.0,0.0,1.0,0.0,0.0,0.0,0.0,0.0,0.0,0.0
486,1.0,0.4,1.0,0.0,3.27185399487215,0.0,0.0,0.0,0.0,1.0,0.0,1.0,0.0,0.0,0.0,0.0,0.0
487,0.0,1.9333333333333333,0.0,0.0,0.6602886147876099,0.0,0.0,1.0,0.0,0.0,1.0,0.0,0.0,0.0,0.0,0.0,0.0
488,0.0,0.06666666666666667,0.0,0.0,-0.277362968609244,0.0,1.0,1.0,0.0,1.0,0.0,0.0,0.0,0.0,0.0,0.0,0.0
489,1.0,-1.3333333333333333,1.0,1.0,0.06261693576328738,0.0,1.0,1.0,0.0,1.0,0.0,0.0,0.0,0.0,0.0,0.0,0.0
490,0.0,-0.23208127655604235,1.0,0.0,0.2387438500450419,0.0,1.0,1.0,0.0,1.0,0.0,0.0,0.0,0.0,0.0,0.0,0.0
491,0.0,-0.5333333333333333,0.0,0.0,-0.3120106021758714,0.0,1.0,1.0,0.0,1.0,0.0,0.0,0.0,0.0,0.0,0.0,0.0
492,0.0,1.7333333333333334,0.0,0.0,0.6949362483542374,0.0,0.0,1.0,0.0,1.0,0.0,1.0,0.0,0.0,0.0,0.0,0.0
493,0.0,2.8,0.0,0.0,1.5179994456378627,0.0,0.0,1.0,0.0,0.0,0.0,0.0,0.0,0.0,0.0,0.0,0.0
494,0.0,-0.5333333333333333,0.0,0.0,-0.277362968609244,0.0,1.0,1.0,0.0,1.0,0.0,0.0,0.0,0.0,0.0,0.0,0.0
495,0.0,-0.06283541100121681,0.0,0.0,0.00017756912202893625,0.0,1.0,1.0,0.0,0.0,0.0,0.0,0.0,0.0,0.0,0.0,0.0
496,1.0,1.6666666666666667,1.0,0.0,2.7636901462130137,0.0,0.0,0.0,0.0,0.0,0.0,0.0,1.0,0.0,0.0,0.0,0.0
497,0.0,0.04485128171613392,0.0,0.0,0.027969302196659943,0.0,1.0,1.0,0.0,1.0,0.0,0.0,0.0,0.0,0.0,0.0,0.0
498,0.0,-0.26666666666666666,1.0,2.0,5.937556302404546,0.0,0.0,0.0,0.0,1.0,0.0,1.0,0.0,0.0,0.0,0.0,0.0
499,0.0,-0.3333333333333333,0.0,0.0,-0.28837225417503987,0.0,1.0,1.0,0.0,1.0,0.0,0.0,0.0,0.0,0.0,0.0,0.0
500,0.0,-0.8,0.0,0.0,-0.2508358741597949,0.0,1.0,1.0,0.0,1.0,0.0,0.0,0.0,0.0,0.0,0.0,0.0
501,0.0,-0.5333333333333333,0.0,0.0,-0.29035583119672925,0.0,1.0,0.0,1.0,0.0,0.0,0.0,0.0,0.0,0.0,0.0,0.0
502,0.0,0.17011995567753643,0.0,0.0,-0.29558762386529,0.0,1.0,0.0,1.0,0.0,0.0,0.0,0.0,0.0,0.0,0.0,0.0
503,0.0,0.5333333333333333,0.0,0.0,-0.21077454784838193,0.0,1.0,0.0,0.0,1.0,0.0,0.0,0.0,0.0,0.0,0.0,0.0
504,1.0,-0.8666666666666667,0.0,0.0,3.120270598018155,0.0,0.0,0.0,0.0,1.0,1.0,0.0,0.0,0.0,0.0,0.0,0.0
505,0.0,-0.7333333333333333,1.0,0.0,4.090404337883722,0.0,0.0,1.0,0.0,0.0,0.0,1.0,0.0,0.0,0.0,0.0,0.0
506,1.0,0.26666666666666666,0.0,2.0,0.5000433095419583,1.0,0.0,0.0,0.0,1.0,0.0,0.0,0.0,0.0,0.0,0.0,0.0
507,1.0,0.6567496903402325,0.0,0.0,0.5238635576190146,0.0,0.0,1.0,0.0,1.0,0.0,0.0,0.0,0.0,0.0,0.0,0.0
508,0.0,-0.06666666666666667,0.0,0.0,0.34954265123692047,0.0,1.0,1.0,0.0,1.0,0.0,0.0,0.0,0.0,0.0,0.0,0.0
509,1.0,-0.2,0.0,0.0,1.8208024391934032,0.0,1.0,1.0,0.0,1.0,0.0,0.0,0.0,0.0,0.0,0.0,0.0
510,1.0,0.0,0.0,0.0,-0.29035583119672925,0.0,1.0,1.0,1.0,0.0,0.0,0.0,0.0,0.0,0.0,0.0,0.0
511,0.0,0.049369225036057195,0.0,0.0,-0.277362968609244,0.0,1.0,1.0,0.0,1.0,0.0,0.0,0.0,0.0,0.0,0.0,0.0
512,1.0,0.4666666666666667,0.0,0.0,0.5124948028549651,0.0,0.0,1.0,0.0,1.0,0.0,0.0,0.0,1.0,0.0,0.0,0.0
513,1.0,1.6666666666666667,1.0,0.0,1.946582010948652,0.0,0.0,0.0,0.0,0.0,0.0,0.0,0.0,0.0,0.0,0.0,0.0
514,0.0,-0.3333333333333333,0.0,0.0,-0.30136511676252514,0.0,1.0,1.0,0.0,1.0,0.0,0.0,0.0,0.0,0.0,0.0,0.0
515,0.0,1.2,0.0,0.0,0.8474204836809646,0.0,0.0,1.0,0.0,1.0,0.0,0.0,1.0,0.0,0.0,0.0,0.0
516,1.0,0.3333333333333333,0.0,0.0,-0.1712545908114476,1.0,0.0,0.0,0.0,1.0,0.0,0.0,0.0,0.0,1.0,0.0,0.0
517,0.0,0.14318521248236257,0.0,0.0,0.41992065691913233,0.0,1.0,1.0,1.0,0.0,0.0,0.0,0.0,0.0,0.0,0.0,0.0
518,1.0,0.4666666666666667,1.0,0.0,0.5000433095419583,1.0,0.0,0.0,0.0,1.0,0.0,0.0,0.0,0.0,0.0,0.0,0.0
519,0.0,0.2,0.0,0.0,-0.2840412999792114,0.0,1.0,1.0,0.0,1.0,0.0,0.0,0.0,0.0,0.0,0.0,0.0
520,1.0,0.06666666666666667,0.0,0.0,3.423437391726145,0.0,0.0,0.0,0.0,1.0,1.0,0.0,0.0,0.0,0.0,0.0,0.0
521,0.0,-0.4666666666666667,0.0,0.0,-0.2840412999792114,0.0,1.0,1.0,0.0,1.0,0.0,0.0,0.0,0.0,0.0,0.0,0.0
522,0.0,-0.058200001154975686,0.0,0.0,-0.31309334072482853,0.0,1.0,1.0,0.0,0.0,0.0,0.0,0.0,0.0,0.0,0.0,0.0
523,1.0,1.0,0.0,1.0,1.8850478137343218,0.0,0.0,0.0,0.0,0.0,1.0,0.0,0.0,0.0,0.0,0.0,0.0
524,0.0,-0.0582026926956767,0.0,0.0,-0.3129114406486037,0.0,1.0,1.0,0.0,0.0,0.0,0.0,0.0,0.0,0.0,0.0,0.0
525,0.0,0.7666666666666667,0.0,0.0,-0.29035583119672925,0.0,1.0,1.0,1.0,0.0,0.0,0.0,0.0,0.0,0.0,0.0,0.0
526,1.0,1.4,0.0,0.0,-0.1712545908114476,1.0,0.0,0.0,0.0,1.0,0.0,0.0,0.0,0.0,0.0,0.0,0.0
527,0.0,0.8988990903386688,0.0,0.0,8.97915078650128,0.0,0.0,1.0,0.0,1.0,0.0,1.0,0.0,0.0,0.0,0.0,0.0
528,0.0,0.6666666666666666,0.0,0.0,-0.2827766613540295,0.0,1.0,1.0,0.0,1.0,0.0,0.0,0.0,0.0,0.0,0.0,0.0
529,0.0,-0.4,2.0,1.0,-0.12794504885316332,1.0,0.0,1.0,0.0,1.0,0.0,0.0,0.0,0.0,0.0,0.0,0.0
530,1.0,-1.8,1.0,1.0,0.5000433095419583,1.0,0.0,0.0,0.0,1.0,0.0,0.0,0.0,0.0,0.0,0.0,0.0
531,0.0,-0.0582026926956767,0.0,0.0,-0.3129114406486037,0.0,1.0,1.0,0.0,0.0,0.0,0.0,0.0,0.0,0.0,0.0,0.0
532,0.0,-0.8,1.0,1.0,-0.3129114406486037,0.0,1.0,1.0,0.0,0.0,0.0,0.0,0.0,0.0,0.0,0.0,0.0
533,1.0,-0.5756025065539454,0.0,2.0,0.34232295059247453,0.0,1.0,0.0,0.0,0.0,0.0,0.0,0.0,0.0,0.0,0.0,0.0
534,0.0,0.06666666666666667,0.0,0.0,-0.2508358741597949,0.0,1.0,0.0,0.0,1.0,0.0,0.0,0.0,0.0,0.0,0.0,0.0
535,1.0,-1.4666666666666666,0.0,2.0,0.5108706950315294,1.0,0.0,0.0,0.0,1.0,0.0,0.0,0.0,0.0,0.0,0.0,0.0
536,0.0,1.0666666666666667,0.0,0.0,0.5238635576190146,0.0,0.0,1.0,0.0,1.0,1.0,0.0,0.0,0.0,0.0,0.0,0.0
537,1.0,0.06666666666666667,0.0,0.0,3.983213221536969,0.0,0.0,0.0,0.0,0.0,0.0,0.0,0.0,0.0,0.0,0.0,0.0
538,0.0,0.045235787530595435,0.0,0.0,0.001983577021689412,0.0,1.0,1.0,0.0,1.0,0.0,0.0,0.0,0.0,0.0,0.0,0.0
539,1.0,-0.4666666666666667,0.0,2.0,1.517817545561638,0.0,0.0,0.0,0.0,0.0,1.0,0.0,0.0,0.0,0.0,0.0,0.0
540,1.0,0.4666666666666667,0.0,2.0,2.4489726976647495,0.0,0.0,0.0,0.0,1.0,1.0,0.0,0.0,0.0,0.0,0.0,0.0
541,0.0,-1.3333333333333333,4.0,2.0,0.7285011433719076,0.0,1.0,0.0,0.0,1.0,0.0,0.0,0.0,0.0,0.0,0.0,0.0
542,0.0,-1.2,4.0,2.0,0.7285011433719076,0.0,1.0,0.0,0.0,1.0,0.0,0.0,0.0,0.0,0.0,0.0,0.0
543,1.0,0.2,1.0,0.0,0.5000433095419583,1.0,0.0,1.0,0.0,1.0,0.0,0.0,0.0,0.0,0.0,0.0,0.0
544,0.0,1.4,1.0,0.0,3.983213221536969,0.0,0.0,1.0,0.0,0.0,0.0,1.0,0.0,0.0,0.0,0.0,0.0
545,0.0,2.3333333333333335,0.0,0.0,0.5000433095419583,0.0,0.0,1.0,0.0,1.0,0.0,0.0,0.0,0.0,0.0,0.0,0.0
546,1.0,-0.6666666666666666,1.0,0.0,0.5000433095419583,1.0,0.0,0.0,0.0,1.0,0.0,0.0,0.0,0.0,0.0,0.0,0.0
547,1.0,-0.09572468157681845,0.0,0.0,-0.025626255976716767,1.0,0.0,1.0,0.0,0.0,0.0,0.0,0.0,0.0,0.0,0.0,0.0
548,0.0,0.26666666666666666,1.0,1.0,0.26292356732035194,0.0,1.0,1.0,0.0,1.0,0.0,0.0,0.0,0.0,0.0,0.0,0.0
549,1.0,-1.4,1.0,1.0,0.9656208855935139,1.0,0.0,1.0,0.0,1.0,0.0,0.0,0.0,0.0,0.0,0.0,0.0
550,1.0,-0.8,0.0,2.0,4.1763001524495875,0.0,0.0,1.0,0.0,0.0,0.0,1.0,0.0,0.0,0.0,0.0,0.0
551,0.0,-0.13333333333333333,0.0,0.0,0.5000433095419583,1.0,0.0,1.0,0.0,1.0,0.0,0.0,0.0,0.0,0.0,0.0,0.0
552,0.0,0.15364428331013566,0.0,0.0,-0.28692571547363316,0.0,1.0,1.0,1.0,0.0,0.0,0.0,0.0,0.0,0.0,0.0,0.0
553,1.0,-0.4666666666666667,0.0,0.0,-0.31309334072482853,0.0,1.0,1.0,0.0,0.0,0.0,0.0,0.0,0.0,0.0,0.0,0.0
554,1.0,-0.4666666666666667,0.0,0.0,-0.2892730926477721,0.0,1.0,0.0,0.0,1.0,0.0,0.0,0.0,0.0,0.0,0.0,0.0
555,0.0,2.2,0.0,0.0,0.5238635576190146,0.0,0.0,1.0,0.0,1.0,0.0,0.0,0.0,0.0,0.0,0.0,0.0
556,1.0,1.2666666666666666,1.0,0.0,1.089053080174624,0.0,0.0,0.0,0.0,0.0,0.0,0.0,0.0,0.0,0.0,0.0,0.0
557,0.0,0.8380729027584005,0.0,0.0,9.227998752685192,0.0,0.0,1.0,0.0,0.0,0.0,0.0,0.0,0.0,0.0,0.0,0.0
558,1.0,0.6666666666666666,1.0,1.0,2.8236002356039083,0.0,0.0,0.0,0.0,1.0,0.0,0.0,0.0,1.0,0.0,0.0,0.0
559,1.0,0.4666666666666667,1.0,0.0,0.12758124870071366,0.0,1.0,0.0,0.0,1.0,0.0,0.0,0.0,0.0,0.0,0.0,0.0
560,0.0,0.1536950380776446,0.0,0.0,-0.29035583119672925,0.0,1.0,1.0,1.0,0.0,0.0,0.0,0.0,0.0,0.0,0.0,0.0
561,0.0,0.7333333333333333,0.0,0.0,-0.2840412999792114,0.0,1.0,1.0,0.0,1.0,0.0,0.0,0.0,0.0,0.0,0.0,0.0
562,0.0,-0.06666666666666667,0.0,0.0,-0.041325964936594836,1.0,0.0,1.0,0.0,1.0,0.0,0.0,0.0,0.0,0.0,0.0,0.0
563,0.0,0.049369225036057195,0.0,0.0,-0.277362968609244,0.0,1.0,1.0,0.0,1.0,0.0,0.0,0.0,0.0,0.0,0.0,0.0
564,0.0,0.06571672879863731,0.0,0.0,-0.277362968609244,0.0,1.0,0.0,0.0,1.0,0.0,0.0,0.0,0.0,0.0,0.0,0.0
565,0.0,-0.3333333333333333,2.0,0.0,0.41992065691913233,0.0,1.0,1.0,0.0,1.0,0.0,0.0,0.0,0.0,0.0,0.0,0.0
566,0.0,-0.6666666666666666,0.0,0.0,-0.2840412999792114,0.0,1.0,1.0,0.0,1.0,0.0,0.0,0.0,0.0,0.0,0.0,0.0
567,0.0,0.0,0.0,4.0,0.2867438153974083,0.0,1.0,0.0,0.0,1.0,0.0,0.0,0.0,0.0,0.0,0.0,0.0
568,0.0,-0.0582026926956767,0.0,0.0,-0.3129114406486037,0.0,1.0,1.0,0.0,0.0,0.0,0.0,0.0,0.0,0.0,0.0,0.0
569,1.0,0.2,0.0,0.0,-0.2858429769246761,0.0,1.0,1.0,0.0,1.0,0.0,0.0,0.0,0.0,0.0,0.0,0.0
570,1.0,2.2,0.0,0.0,-0.1712545908114476,1.0,0.0,1.0,0.0,1.0,0.0,0.0,0.0,0.0,0.0,0.0,0.0
571,1.0,1.6,2.0,0.0,1.6035357910054742,0.0,0.0,0.0,0.0,1.0,0.0,1.0,0.0,0.0,0.0,0.0,0.0
572,1.0,0.4666666666666667,0.0,0.0,0.5168257570507934,0.0,0.0,1.0,0.0,1.0,0.0,0.0,0.0,1.0,0.0,0.0,0.0
573,1.0,-0.24817201903287486,0.0,0.0,-0.29035583119672925,0.0,1.0,0.0,1.0,0.0,0.0,0.0,0.0,0.0,0.0,0.0,0.0
574,0.0,-0.8666666666666667,0.0,0.0,-0.277362968609244,0.0,1.0,1.0,0.0,1.0,0.0,0.0,0.0,0.0,0.0,0.0,0.0
575,0.0,-0.6666666666666666,0.0,0.0,0.001983577021689412,0.0,1.0,1.0,0.0,1.0,0.0,0.0,0.0,0.0,0.0,0.0,0.0
576,1.0,0.3333333333333333,0.0,0.0,-0.06298073591573695,1.0,0.0,0.0,0.0,1.0,0.0,0.0,0.0,0.0,0.0,0.0,0.0
577,1.0,0.6666666666666666,1.0,0.0,1.7949986140946572,0.0,0.0,0.0,0.0,1.0,0.0,0.0,0.0,1.0,0.0,0.0,0.0
578,0.0,-0.32030167476541277,1.0,0.0,0.00017756912202893625,0.0,1.0,0.0,0.0,0.0,0.0,0.0,0.0,0.0,0.0,0.0,0.0
579,1.0,0.2,0.0,0.0,-0.2827766613540295,0.0,1.0,1.0,0.0,1.0,0.0,0.0,0.0,0.0,0.0,0.0,0.0
580,1.0,-0.26666666666666666,1.0,1.0,0.6732814773750952,1.0,0.0,0.0,0.0,1.0,0.0,0.0,0.0,0.0,0.0,0.0,0.0
581,1.0,0.6666666666666666,1.0,1.0,4.1763001524495875,0.0,0.0,0.0,0.0,0.0,0.0,1.0,0.0,0.0,0.0,0.0,0.0
582,0.0,1.6666666666666667,0.0,0.0,0.5000433095419583,1.0,0.0,1.0,0.0,1.0,0.0,0.0,0.0,0.0,0.0,0.0,0.0
583,0.0,0.4666666666666667,0.0,0.0,1.1117905897027232,0.0,0.0,1.0,0.0,0.0,0.0,0.0,0.0,0.0,0.0,0.0,0.0
584,0.0,-0.05915325515332815,0.0,0.0,-0.24867039706188065,0.0,1.0,1.0,0.0,0.0,0.0,0.0,0.0,0.0,0.0,0.0,0.0
585,1.0,-0.7333333333333333,0.0,2.0,2.8236002356039083,0.0,0.0,0.0,0.0,1.0,0.0,0.0,0.0,1.0,0.0,0.0,0.0
586,0.0,1.2,0.0,0.0,0.023638348000831536,1.0,0.0,1.0,0.0,1.0,0.0,0.0,0.0,0.0,0.0,0.0,0.0
587,1.0,2.066666666666667,1.0,1.0,2.8041109417226804,0.0,0.0,1.0,0.0,0.0,1.0,0.0,0.0,0.0,0.0,0.0,0.0
588,0.0,-0.4666666666666667,0.0,0.0,-0.277362968609244,0.0,1.0,1.0,0.0,1.0,0.0,0.0,0.0,0.0,0.0,0.0,0.0
589,0.0,0.049369225036057195,0.0,0.0,-0.277362968609244,0.0,1.0,1.0,0.0,1.0,0.0,0.0,0.0,0.0,0.0,0.0,0.0
590,0.0,0.4,0.0,0.0,-0.31742429492065694,0.0,1.0,1.0,0.0,1.0,0.0,0.0,0.0,0.0,0.0,0.0,0.0
591,1.0,1.5333333333333334,1.0,0.0,2.7636901462130137,0.0,0.0,0.0,0.0,0.0,0.0,0.0,1.0,0.0,0.0,0.0,0.0
592,0.0,1.2,0.0,0.0,-0.3120106021758714,0.0,1.0,1.0,0.0,1.0,0.0,0.0,0.0,0.0,0.0,0.0,0.0
593,0.0,0.0642051632884261,0.0,2.0,-0.29035583119672925,0.0,1.0,0.0,1.0,0.0,0.0,0.0,0.0,0.0,0.0,0.0,0.0
594,0.0,0.5333333333333333,1.0,0.0,0.5000433095419583,1.0,0.0,1.0,0.0,1.0,0.0,0.0,0.0,0.0,0.0,0.0,0.0
595,0.0,0.4666666666666667,1.0,1.0,0.41992065691913233,0.0,1.0,1.0,0.0,1.0,0.0,0.0,0.0,0.0,0.0,0.0,0.0
596,1.0,0.016456610497916083,0.0,0.0,0.803210103249948,1.0,0.0,0.0,0.0,1.0,0.0,0.0,0.0,0.0,0.0,0.0,0.0
597,0.0,1.3333333333333333,0.0,0.0,-0.6260047813734322,0.0,1.0,1.0,0.0,1.0,0.0,0.0,0.0,0.0,0.0,0.0,0.0
598,0.0,-0.058200001154975686,0.0,0.0,-0.31309334072482853,0.0,1.0,1.0,0.0,0.0,0.0,0.0,0.0,0.0,0.0,0.0,0.0
599,1.0,1.3333333333333333,1.0,0.0,1.8395727946781235,0.0,0.0,1.0,0.0,0.0,0.0,0.0,0.0,0.0,0.0,0.0,0.0
600,1.0,-0.3333333333333333,2.0,1.0,0.5433528515002425,1.0,0.0,0.0,0.0,1.0,0.0,0.0,0.0,0.0,0.0,0.0,0.0
601,0.0,0.04946804303037382,0.0,0.0,-0.2840412999792114,0.0,1.0,1.0,0.0,1.0,0.0,0.0,0.0,0.0,0.0,0.0,0.0
602,0.0,1.0648068892813063,0.0,0.0,1.21031979765782,0.0,0.0,1.0,0.0,1.0,0.0,0.0,0.0,0.0,0.0,0.0,0.0
603,0.0,1.0,0.0,0.0,-0.277362968609244,0.0,1.0,1.0,0.0,1.0,0.0,0.0,0.0,0.0,0.0,0.0,0.0
604,1.0,0.4,0.0,0.0,0.5238635576190146,0.0,0.0,1.0,0.0,0.0,0.0,0.0,0.0,0.0,0.0,0.0,0.0
605,0.0,0.4666666666666667,1.0,0.0,0.0474585960778879,0.0,1.0,1.0,0.0,1.0,0.0,0.0,0.0,0.0,0.0,0.0,0.0
606,0.0,0.06666666666666667,0.0,0.0,-0.2840412999792114,0.0,1.0,1.0,0.0,1.0,0.0,0.0,0.0,0.0,0.0,0.0,0.0
607,1.0,-0.13333333333333333,0.0,0.0,0.6949362483542374,0.0,0.0,1.0,0.0,1.0,0.0,0.0,0.0,0.0,0.0,0.0,0.0
608,1.0,-0.4666666666666667,1.0,2.0,1.1747713256184602,1.0,0.0,0.0,0.0,0.0,0.0,0.0,0.0,0.0,0.0,0.0,0.0
609,1.0,0.7333333333333333,0.0,0.0,6.020385801399765,0.0,0.0,0.0,0.0,1.0,0.0,1.0,0.0,0.0,0.0,0.0,0.0
610,0.0,0.6666666666666666,1.0,5.0,0.7285011433719076,0.0,1.0,0.0,0.0,1.0,0.0,0.0,0.0,0.0,0.0,0.0,0.0
611,0.0,0.050010068060159556,0.0,0.0,-0.32067251056752827,0.0,1.0,1.0,0.0,1.0,0.0,0.0,0.0,0.0,0.0,0.0,0.0
612,1.0,-0.5269523199964458,1.0,0.0,0.04529311897997366,0.0,1.0,0.0,1.0,0.0,0.0,0.0,0.0,0.0,0.0,0.0,0.0
613,0.0,0.1536950380776446,0.0,0.0,-0.29035583119672925,0.0,1.0,1.0,1.0,0.0,0.0,0.0,0.0,0.0,0.0,0.0,0.0
614,0.0,0.4,0.0,0.0,-0.277362968609244,0.0,1.0,1.0,0.0,1.0,0.0,0.0,0.0,0.0,0.0,0.0,0.0
615,1.0,-0.3333333333333333,1.0,2.0,2.1891154459150437,1.0,0.0,0.0,0.0,1.0,0.0,0.0,0.0,0.0,0.0,0.0,0.0
616,0.0,0.3333333333333333,1.0,1.0,-0.002347377174138998,0.0,1.0,1.0,0.0,1.0,0.0,0.0,0.0,0.0,0.0,0.0,0.0
617,0.0,-0.2,1.0,0.0,0.07127884415494427,0.0,1.0,0.0,0.0,1.0,0.0,0.0,0.0,0.0,0.0,0.0,0.0
618,1.0,-1.6666666666666667,2.0,1.0,1.0630673549996534,1.0,0.0,0.0,0.0,1.0,0.0,0.0,0.0,0.0,1.0,0.0,0.0
619,0.0,-0.2,0.0,0.0,-0.1712545908114476,1.0,0.0,1.0,0.0,1.0,0.0,0.0,0.0,0.0,0.0,0.0,0.0
620,0.0,-0.13333333333333333,1.0,0.0,0.0,0.0,1.0,1.0,0.0,0.0,0.0,0.0,0.0,0.0,0.0,0.0,0.0
621,1.0,0.8666666666666667,1.0,0.0,1.6500935486106298,0.0,0.0,1.0,0.0,1.0,0.0,0.0,1.0,0.0,0.0,0.0,0.0
622,1.0,-0.6,1.0,1.0,0.055761035271290955,0.0,1.0,1.0,0.0,0.0,0.0,0.0,0.0,0.0,0.0,0.0,0.0
623,0.0,-0.5333333333333333,0.0,0.0,-0.2858429769246761,0.0,1.0,1.0,0.0,1.0,0.0,0.0,0.0,0.0,0.0,0.0,0.0
624,0.0,-0.5333333333333333,0.0,0.0,0.07127884415494427,0.0,1.0,1.0,0.0,1.0,0.0,0.0,0.0,0.0,0.0,0.0,0.0
625,0.0,2.1333333333333333,0.0,0.0,0.7737942623518813,0.0,0.0,1.0,0.0,1.0,0.0,0.0,1.0,0.0,0.0,0.0,0.0
626,0.0,1.8666666666666667,0.0,0.0,-0.09113193818862174,1.0,0.0,1.0,1.0,0.0,0.0,0.0,0.0,0.0,0.0,0.0,0.0
627,1.0,-0.5333333333333333,0.0,0.0,2.7503334834730784,0.0,0.0,0.0,0.0,1.0,0.0,0.0,1.0,0.0,0.0,0.0,0.0
628,0.0,-0.2,0.0,0.0,-0.2840412999792114,0.0,1.0,1.0,0.0,1.0,0.0,0.0,0.0,0.0,0.0,0.0,0.0
629,0.0,0.15370574015614716,0.0,0.0,-0.29107910054743263,0.0,1.0,1.0,1.0,0.0,0.0,0.0,0.0,0.0,0.0,0.0,0.0
630,1.0,3.4,0.0,0.0,0.6732814773750952,0.0,0.0,1.0,0.0,1.0,0.0,0.0,0.0,0.0,0.0,0.0,0.0
631,0.0,1.4666666666666666,0.0,0.0,-0.32049061049130345,0.0,1.0,1.0,0.0,1.0,0.0,0.0,0.0,0.0,0.0,0.0,0.0
632,1.0,0.2,0.0,0.0,0.6949362483542374,0.0,0.0,1.0,0.0,0.0,1.0,0.0,0.0,0.0,0.0,0.0,0.0
633,0.0,1.0919786335032555,0.0,0.0,-0.6260047813734322,0.0,0.0,1.0,0.0,1.0,0.0,0.0,0.0,0.0,0.0,0.0,0.0
634,0.0,-1.3333333333333333,3.0,2.0,0.5823314392626983,0.0,1.0,0.0,0.0,1.0,0.0,0.0,0.0,0.0,0.0,0.0,0.0
635,1.0,-0.06666666666666667,0.0,0.0,-0.06298073591573695,1.0,0.0,0.0,0.0,1.0,0.0,0.0,0.0,0.0,0.0,0.0,0.0
636,0.0,0.2,0.0,0.0,-0.2827766613540295,0.0,1.0,1.0,0.0,1.0,0.0,0.0,0.0,0.0,0.0,0.0,0.0
637,0.0,0.13333333333333333,1.0,1.0,0.5108706950315294,1.0,0.0,1.0,0.0,1.0,0.0,0.0,0.0,0.0,0.0,0.0,0.0
638,0.0,0.8,0.0,5.0,1.092842665095974,0.0,1.0,0.0,0.0,1.0,0.0,0.0,0.0,0.0,0.0,0.0,0.0
639,0.0,-0.22960332883474474,1.0,0.0,0.07127884415494427,0.0,1.0,1.0,0.0,1.0,0.0,0.0,0.0,0.0,0.0,0.0,0.0
640,0.0,-0.6,0.0,0.0,-0.2858429769246761,0.0,1.0,1.0,0.0,1.0,0.0,0.0,0.0,0.0,0.0,0.0,0.0
641,1.0,-0.3333333333333333,0.0,0.0,2.375346476335666,0.0,0.0,0.0,0.0,0.0,1.0,0.0,0.0,0.0,0.0,0.0,0.0
642,0.0,-1.8,3.0,2.0,0.5823314392626983,0.0,1.0,0.0,0.0,1.0,0.0,0.0,0.0,0.0,0.0,0.0,0.0
643,1.0,-0.3998914888141111,0.0,0.0,1.8208024391934032,0.0,1.0,1.0,0.0,1.0,0.0,0.0,0.0,0.0,0.0,0.0,0.0
644,1.0,-1.8833333333333333,2.0,1.0,0.20806337052179327,0.0,1.0,0.0,0.0,0.0,0.0,0.0,0.0,0.0,0.0,0.0,0.0
645,1.0,1.2666666666666666,1.0,0.0,2.6971017254521517,0.0,0.0,1.0,0.0,0.0,0.0,0.0,1.0,0.0,0.0,0.0,0.0
646,0.0,-0.6666666666666666,0.0,0.0,-0.2840412999792114,0.0,1.0,1.0,0.0,1.0,0.0,0.0,0.0,0.0,0.0,0.0,0.0
647,1.0,1.8,0.0,0.0,0.9114839581456586,0.0,0.0,1.0,0.0,0.0,0.0,0.0,0.0,0.0,0.0,0.0,0.0
648,0.0,0.04968964654810861,0.0,0.0,-0.2990177395883861,0.0,1.0,1.0,0.0,1.0,0.0,0.0,0.0,0.0,0.0,0.0,0.0
649,1.0,-0.4,0.0,0.0,-0.2990177395883861,0.0,1.0,0.0,0.0,1.0,0.0,0.0,0.0,0.0,0.0,0.0,0.0
650,0.0,0.04946804303037382,0.0,0.0,-0.2840412999792114,0.0,1.0,1.0,0.0,1.0,0.0,0.0,0.0,0.0,0.0,0.0,0.0
651,1.0,-0.7333333333333333,0.0,1.0,0.37011468366710554,1.0,0.0,0.0,0.0,1.0,0.0,0.0,0.0,0.0,0.0,0.0,0.0
652,0.0,-0.5333333333333333,0.0,0.0,-0.2607624211766337,0.0,1.0,1.0,0.0,1.0,0.0,0.0,0.0,0.0,0.0,0.0,0.0
653,1.0,-0.24822277380038382,0.0,0.0,-0.28692571547363316,0.0,1.0,0.0,1.0,0.0,0.0,0.0,0.0,0.0,0.0,0.0,0.0
654,0.0,-0.7333333333333333,0.0,0.0,-0.3336653731550135,0.0,1.0,0.0,1.0,0.0,0.0,0.0,0.0,0.0,0.0,0.0,0.0
655,0.0,-0.3333333333333333,2.0,0.0,2.55724655256046,1.0,0.0,1.0,0.0,1.0,0.0,0.0,0.0,0.0,0.0,0.0,0.0
656,0.0,0.04946804303037382,0.0,0.0,-0.2840412999792114,0.0,1.0,1.0,0.0,1.0,0.0,0.0,0.0,0.0,0.0,0.0,0.0
657,0.0,0.2,1.0,1.0,0.04529311897997366,0.0,1.0,0.0,1.0,0.0,0.0,0.0,0.0,0.0,0.0,0.0,0.0
658,0.0,-0.4,0.0,0.0,-0.06298073591573695,1.0,0.0,1.0,0.0,1.0,0.0,0.0,0.0,0.0,0.0,0.0,0.0
659,0.0,1.9333333333333333,0.0,2.0,4.279883583951216,0.0,0.0,1.0,0.0,0.0,0.0,0.0,1.0,0.0,0.0,0.0,0.0
660,1.0,1.4,2.0,0.0,5.162315501351258,0.0,0.0,1.0,0.0,1.0,0.0,0.0,0.0,0.0,0.0,0.0,0.0
661,0.0,0.7333333333333333,0.0,0.0,-0.31309334072482853,0.0,1.0,1.0,0.0,0.0,0.0,0.0,0.0,0.0,0.0,0.0,0.0
662,0.0,1.2,0.0,0.0,0.48217812348416594,0.0,0.0,1.0,0.0,1.0,0.0,0.0,0.0,1.0,0.0,0.0,0.0
663,0.0,0.4666666666666667,0.0,0.0,-0.30136511676252514,0.0,1.0,1.0,0.0,1.0,0.0,0.0,0.0,0.0,0.0,0.0,0.0
664,1.0,-0.6,1.0,0.0,-0.2827766613540295,0.0,1.0,1.0,0.0,1.0,0.0,0.0,0.0,0.0,0.0,0.0,0.0
665,0.0,0.2,2.0,0.0,2.55724655256046,1.0,0.0,1.0,0.0,1.0,0.0,0.0,0.0,0.0,0.0,0.0,0.0
666,0.0,-0.26666666666666666,0.0,0.0,-0.06298073591573695,1.0,0.0,1.0,0.0,1.0,0.0,0.0,0.0,0.0,0.0,0.0,0.0
667,0.0,0.04954545686768531,0.0,0.0,-0.2892730926477721,0.0,1.0,1.0,0.0,1.0,0.0,0.0,0.0,0.0,0.0,0.0,0.0
668,0.0,0.9333333333333333,0.0,0.0,-0.277362968609244,0.0,1.0,1.0,0.0,1.0,0.0,0.0,0.0,0.0,0.0,0.0,0.0
669,1.0,0.33202008165908836,1.0,0.0,1.6260914004573488,0.0,0.0,0.0,0.0,1.0,0.0,1.0,0.0,0.0,0.0,0.0,0.0
670,1.0,0.7333333333333333,1.0,1.0,1.0630673549996534,1.0,0.0,0.0,0.0,1.0,0.0,0.0,0.0,0.0,0.0,0.0,0.0
671,0.0,0.13333333333333333,1.0,0.0,1.6260914004573488,0.0,0.0,1.0,0.0,1.0,1.0,0.0,0.0,0.0,0.0,0.0,0.0
672,0.0,2.7333333333333334,0.0,0.0,-0.1712545908114476,1.0,0.0,1.0,0.0,1.0,0.0,0.0,0.0,0.0,0.0,0.0,0.0
673,1.0,0.13333333333333333,0.0,0.0,-0.06298073591573695,1.0,0.0,1.0,0.0,1.0,0.0,0.0,0.0,0.0,0.0,0.0,0.0
674,0.0,0.4394714874038205,0.0,0.0,-0.6260047813734322,1.0,0.0,1.0,0.0,1.0,0.0,0.0,0.0,0.0,0.0,0.0,0.0
675,0.0,-0.7333333333333333,0.0,0.0,-0.2892730926477721,0.0,1.0,1.0,0.0,1.0,0.0,0.0,0.0,0.0,0.0,0.0,0.0
676,0.0,-0.3,0.0,0.0,-0.277362968609244,0.0,1.0,1.0,0.0,1.0,0.0,0.0,0.0,0.0,0.0,0.0,0.0
677,1.0,-0.7333333333333333,0.0,0.0,-0.19976526228258612,0.0,1.0,0.0,0.0,1.0,0.0,0.0,0.0,0.0,0.0,0.0,0.0
678,0.0,0.9333333333333333,1.0,6.0,1.405212736470099,0.0,1.0,0.0,0.0,1.0,0.0,0.0,0.0,0.0,0.0,0.0,0.0
679,1.0,0.4666666666666667,0.0,1.0,21.56273820248077,0.0,0.0,1.0,0.0,0.0,1.0,0.0,0.0,0.0,0.0,0.0,0.0
680,0.0,0.16979421516838494,0.0,0.0,-0.27357338368789413,0.0,1.0,0.0,1.0,0.0,0.0,0.0,0.0,0.0,0.0,0.0,0.0
681,1.0,-0.13333333333333333,0.0,0.0,2.6971017254521517,0.0,0.0,1.0,0.0,0.0,0.0,0.0,1.0,0.0,0.0,0.0,0.0
682,0.0,-0.6,0.0,0.0,-0.22647425680826,0.0,1.0,1.0,0.0,1.0,0.0,0.0,0.0,0.0,0.0,0.0,0.0
683,0.0,-1.0,5.0,2.0,1.405212736470099,0.0,1.0,1.0,0.0,1.0,0.0,0.0,0.0,0.0,0.0,0.0,0.0
684,0.0,2.066666666666667,1.0,1.0,1.0630673549996534,1.0,0.0,1.0,0.0,1.0,0.0,0.0,0.0,0.0,0.0,0.0,0.0
685,0.0,-0.26666666666666666,1.0,2.0,1.1747713256184602,1.0,0.0,1.0,0.0,0.0,0.0,0.0,0.0,0.0,0.0,0.0,0.0
686,0.0,-1.0,4.0,1.0,1.092842665095974,0.0,1.0,1.0,0.0,1.0,0.0,0.0,0.0,0.0,0.0,0.0,0.0
687,0.0,-0.6666666666666666,0.0,0.0,-0.18551209202411476,0.0,1.0,1.0,0.0,1.0,0.0,0.0,0.0,0.0,0.0,0.0,0.0
688,0.0,-0.7333333333333333,0.0,0.0,-0.28837225417503987,0.0,1.0,1.0,0.0,1.0,0.0,0.0,0.0,0.0,0.0,0.0,0.0
689,1.0,-0.9333333333333333,0.0,1.0,8.526925542235466,0.0,0.0,0.0,0.0,1.0,1.0,0.0,0.0,0.0,0.0,0.0,0.0
690,1.0,0.13333333333333333,1.0,0.0,1.84263911024877,0.0,0.0,1.0,0.0,1.0,1.0,0.0,0.0,0.0,0.0,0.0,0.0
691,1.0,-1.6666666666666667,0.0,1.0,-0.04493364978171989,0.0,1.0,0.0,0.0,0.0,0.0,0.0,0.0,0.0,0.0,0.0,0.0
692,1.0,-0.3998914888141111,0.0,0.0,1.8208024391934032,0.0,1.0,1.0,0.0,1.0,0.0,0.0,0.0,0.0,0.0,0.0,0.0
693,0.0,-0.26666666666666666,0.0,0.0,-0.31309334072482853,0.0,1.0,1.0,0.0,0.0,0.0,0.0,0.0,0.0,0.0,0.0,0.0
694,0.0,2.066666666666667,0.0,0.0,0.5238635576190146,0.0,0.0,1.0,0.0,1.0,0.0,0.0,0.0,0.0,0.0,0.0,0.0
695,0.0,1.5333333333333334,0.0,0.0,-0.041325964936594836,1.0,0.0,1.0,0.0,1.0,0.0,0.0,0.0,0.0,0.0,0.0,0.0
696,0.0,1.0,0.0,0.0,-0.277362968609244,0.0,1.0,1.0,0.0,1.0,0.0,0.0,0.0,0.0,0.0,0.0,0.0
697,1.0,-0.24816131695437255,0.0,0.0,-0.29107910054743263,0.0,1.0,0.0,1.0,0.0,0.0,0.0,0.0,0.0,0.0,0.0,0.0
698,0.0,1.3333333333333333,1.0,1.0,4.1763001524495875,0.0,0.0,1.0,0.0,0.0,0.0,1.0,0.0,0.0,0.0,0.0,0.0
699,0.0,0.8666666666666667,0.0,0.0,-0.29468678539255766,0.0,1.0,1.0,0.0,1.0,0.0,0.0,0.0,0.0,1.0,0.0,0.0
700,1.0,-0.7333333333333333,1.0,0.0,9.227998752685192,0.0,0.0,0.0,0.0,0.0,0.0,1.0,0.0,0.0,0.0,0.0,0.0
701,1.0,0.4,0.0,0.0,0.5124948028549651,0.0,0.0,1.0,0.0,1.0,0.0,0.0,0.0,1.0,0.0,0.0,0.0
702,0.0,-0.7333333333333333,0.0,1.0,0.0,0.0,1.0,0.0,0.0,0.0,0.0,0.0,0.0,0.0,0.0,0.0,0.0
703,0.0,-0.26666666666666666,0.0,0.0,-0.290715300394983,0.0,1.0,1.0,1.0,0.0,0.0,0.0,0.0,0.0,0.0,0.0,0.0
704,0.0,-0.2,1.0,0.0,-0.2858429769246761,0.0,1.0,1.0,0.0,1.0,0.0,0.0,0.0,0.0,0.0,0.0,0.0
705,0.0,0.6666666666666666,0.0,0.0,0.5000433095419583,1.0,0.0,1.0,0.0,1.0,0.0,0.0,0.0,0.0,0.0,0.0,0.0
706,1.0,1.0666666666666667,0.0,0.0,-0.041325964936594836,1.0,0.0,0.0,0.0,1.0,0.0,0.0,0.0,0.0,0.0,0.0,0.0
707,1.0,0.8666666666666667,0.0,0.0,0.5124948028549651,0.0,0.0,1.0,0.0,1.0,0.0,0.0,0.0,1.0,0.0,0.0,0.0
708,1.0,-0.4666666666666667,0.0,0.0,5.937556302404546,0.0,0.0,0.0,0.0,1.0,0.0,0.0,0.0,0.0,0.0,0.0,0.0
709,1.0,-0.8082870925584726,1.0,1.0,0.03428383341417777,0.0,1.0,1.0,0.0,0.0,0.0,0.0,0.0,0.0,0.0,0.0,0.0
710,1.0,-0.3333333333333333,0.0,0.0,1.5179994456378627,0.0,0.0,0.0,0.0,0.0,0.0,1.0,0.0,0.0,0.0,0.0,0.0
711,0.0,1.0240103612597944,0.0,0.0,0.5238635576190146,0.0,0.0,1.0,0.0,1.0,0.0,1.0,0.0,0.0,0.0,0.0,0.0
712,1.0,1.2666666666666666,1.0,0.0,1.6260914004573488,0.0,0.0,1.0,0.0,1.0,0.0,1.0,0.0,0.0,0.0,0.0,0.0
713,0.0,0.0,0.0,0.0,-0.21528740212043518,0.0,1.0,1.0,0.0,1.0,0.0,0.0,0.0,0.0,0.0,0.0,0.0
714,0.0,1.5333333333333334,0.0,0.0,-0.06298073591573695,1.0,0.0,1.0,0.0,1.0,0.0,0.0,0.0,0.0,0.0,0.0,0.0
715,0.0,-0.6666666666666666,0.0,0.0,-0.29468678539255766,0.0,1.0,1.0,0.0,1.0,0.0,0.0,0.0,0.0,1.0,0.0,0.0
716,1.0,0.6,0.0,0.0,9.227998752685192,0.0,0.0,0.0,0.0,0.0,0.0,1.0,0.0,0.0,0.0,0.0,0.0
717,1.0,-0.13333333333333333,0.0,0.0,-0.1712545908114476,1.0,0.0,0.0,0.0,1.0,0.0,0.0,0.0,1.0,0.0,0.0,0.0
718,0.0,0.14872850464084972,0.0,0.0,0.04529311897997366,0.0,1.0,1.0,1.0,0.0,0.0,0.0,0.0,0.0,0.0,0.0,0.0
719,0.0,0.26666666666666666,0.0,0.0,-0.2892730926477721,0.0,1.0,1.0,0.0,1.0,0.0,0.0,0.0,0.0,0.0,0.0,0.0
720,1.0,-1.5333333333333334,0.0,1.0,0.803210103249948,1.0,0.0,0.0,0.0,1.0,0.0,0.0,0.0,0.0,0.0,0.0,0.0
721,0.0,-0.8,1.0,0.0,-0.32049061049130345,0.0,1.0,1.0,0.0,1.0,0.0,0.0,0.0,0.0,0.0,0.0,0.0
722,0.0,0.3333333333333333,0.0,0.0,-0.06298073591573695,1.0,0.0,1.0,0.0,1.0,0.0,0.0,0.0,0.0,0.0,0.0,0.0
723,0.0,1.4,0.0,0.0,-0.06298073591573695,1.0,0.0,1.0,0.0,1.0,0.0,0.0,0.0,0.0,0.0,0.0,0.0
724,1.0,-0.13333333333333333,1.0,0.0,1.6737318966114614,0.0,0.0,1.0,0.0,1.0,0.0,0.0,0.0,1.0,0.0,0.0,0.0
725,0.0,-0.6,0.0,0.0,-0.2508358741597949,0.0,1.0,1.0,0.0,1.0,0.0,0.0,0.0,0.0,0.0,0.0,0.0
726,1.0,0.06666666666666667,3.0,0.0,0.283495599750537,1.0,0.0,0.0,0.0,1.0,0.0,0.0,0.0,0.0,0.0,0.0,0.0
727,1.0,-0.24816400849507356,0.0,0.0,-0.2908972004712078,0.0,1.0,0.0,1.0,0.0,0.0,0.0,0.0,0.0,0.0,0.0,0.0
728,0.0,-0.26666666666666666,1.0,0.0,0.5000433095419583,1.0,0.0,1.0,0.0,1.0,0.0,0.0,0.0,0.0,0.0,0.0,0.0
729,0.0,-0.26666666666666666,1.0,0.0,-0.2827766613540295,0.0,1.0,0.0,0.0,1.0,0.0,0.0,0.0,0.0,0.0,0.0,0.0
730,1.0,0.0,0.0,0.0,8.526925542235466,0.0,0.0,0.0,0.0,1.0,1.0,0.0,0.0,0.0,0.0,0.0,0.0
731,0.0,-1.2,0.0,0.0,0.18767323816783318,0.0,1.0,1.0,0.0,0.0,0.0,0.0,0.0,0.0,0.0,0.0,0.0
732,0.0,0.4394714874038205,0.0,0.0,-0.6260047813734322,1.0,0.0,1.0,0.0,1.0,0.0,0.0,0.0,0.0,0.0,0.0,0.0
733,0.0,-0.4,0.0,0.0,-0.06298073591573695,1.0,0.0,1.0,0.0,1.0,0.0,0.0,0.0,0.0,0.0,0.0,0.0
734,0.0,-0.4,0.0,0.0,-0.06298073591573695,1.0,0.0,1.0,0.0,1.0,0.0,0.0,0.0,0.0,0.0,0.0,0.0
735,0.0,-0.03333333333333333,0.0,0.0,0.07127884415494427,0.0,1.0,1.0,0.0,1.0,0.0,0.0,0.0,0.0,0.0,0.0,0.0
736,0.0,1.2666666666666666,1.0,3.0,0.8627607234425888,0.0,1.0,0.0,0.0,1.0,0.0,0.0,0.0,0.0,0.0,0.0,0.0
737,1.0,0.4,0.0,0.0,21.56273820248077,0.0,0.0,1.0,0.0,0.0,1.0,0.0,0.0,0.0,0.0,0.0,0.0
738,0.0,0.04946804303037382,0.0,0.0,-0.2840412999792114,0.0,1.0,1.0,0.0,1.0,0.0,0.0,0.0,0.0,0.0,0.0,0.0
739,0.0,0.04946804303037382,0.0,0.0,-0.2840412999792114,0.0,1.0,1.0,0.0,1.0,0.0,0.0,0.0,0.0,0.0,0.0,0.0
740,1.0,0.8096896011364852,0.0,0.0,0.6732814773750952,0.0,0.0,1.0,0.0,1.0,0.0,0.0,1.0,0.0,0.0,0.0,0.0
741,0.0,0.4666666666666667,1.0,0.0,2.7889526020372806,0.0,0.0,1.0,0.0,1.0,0.0,1.0,0.0,0.0,0.0,0.0,0.0
742,1.0,-0.5333333333333333,2.0,2.0,10.737336289931397,0.0,0.0,0.0,0.0,0.0,1.0,0.0,0.0,0.0,0.0,0.0,0.0
743,0.0,-0.3333333333333333,1.0,0.0,0.07127884415494427,0.0,1.0,1.0,0.0,1.0,0.0,0.0,0.0,0.0,0.0,0.0,0.0
744,1.0,0.13333333333333333,0.0,0.0,-0.2827766613540295,0.0,1.0,1.0,0.0,1.0,0.0,0.0,0.0,0.0,0.0,0.0,0.0
745,0.0,2.7333333333333334,1.0,1.0,2.4489726976647495,0.0,0.0,1.0,0.0,1.0,1.0,0.0,0.0,0.0,0.0,0.0,0.0
746,0.0,-0.8666666666666667,1.0,1.0,0.25101344328182384,0.0,1.0,1.0,0.0,1.0,0.0,0.0,0.0,0.0,0.0,0.0,0.0
747,1.0,0.06666666666666667,0.0,0.0,-0.06298073591573695,1.0,0.0,0.0,0.0,1.0,0.0,0.0,0.0,0.0,0.0,0.0,0.0
748,0.0,-0.6666666666666666,1.0,0.0,1.6737318966114614,0.0,0.0,1.0,0.0,1.0,0.0,0.0,1.0,0.0,0.0,0.0,0.0
749,0.0,0.13333333333333333,0.0,0.0,-0.29035583119672925,0.0,1.0,1.0,1.0,0.0,0.0,0.0,0.0,0.0,0.0,0.0,0.0
750,1.0,-1.6666666666666667,1.0,1.0,0.37011468366710554,1.0,0.0,0.0,0.0,1.0,0.0,0.0,0.0,0.0,0.0,0.0,0.0
751,1.0,-1.5333333333333334,0.0,1.0,-0.0857182454438362,0.0,1.0,1.0,0.0,1.0,0.0,0.0,0.0,1.0,0.0,0.0,0.0
752,0.0,0.26666666666666666,0.0,0.0,-0.21456413276973182,0.0,1.0,1.0,0.0,1.0,0.0,0.0,0.0,0.0,0.0,0.0,0.0
753,0.0,-0.4,0.0,0.0,-0.2840412999792114,0.0,1.0,1.0,0.0,1.0,0.0,0.0,0.0,0.0,0.0,0.0,0.0
754,1.0,1.2666666666666666,1.0,2.0,2.1891154459150437,1.0,0.0,0.0,0.0,1.0,0.0,0.0,0.0,0.0,0.0,0.0,0.0
755,1.0,-1.8886666666666665,1.0,1.0,0.001983577021689412,1.0,0.0,1.0,0.0,1.0,0.0,0.0,0.0,0.0,0.0,0.0,0.0
756,0.0,-0.06666666666666667,0.0,0.0,-0.28837225417503987,0.0,1.0,1.0,0.0,1.0,0.0,0.0,0.0,0.0,0.0,0.0,0.0
757,0.0,-0.7333333333333333,0.0,0.0,-0.12794504885316332,1.0,0.0,1.0,0.0,1.0,0.0,0.0,0.0,0.0,0.0,0.0,0.0
758,0.0,0.3333333333333333,0.0,0.0,-0.277362968609244,0.0,1.0,1.0,0.0,1.0,0.0,0.0,0.0,0.0,0.0,0.0,0.0
759,1.0,0.26666666666666666,0.0,0.0,3.120270598018155,0.0,0.0,0.0,0.0,1.0,1.0,0.0,0.0,0.0,0.0,0.0,0.0
760,0.0,0.045235787530595435,0.0,0.0,0.001983577021689412,0.0,1.0,1.0,0.0,1.0,0.0,0.0,0.0,0.0,0.0,0.0,0.0
761,0.0,0.8,0.0,0.0,-0.31742429492065694,0.0,1.0,1.0,0.0,1.0,0.0,0.0,0.0,0.0,0.0,0.0,0.0
762,1.0,-0.6,0.0,0.0,-0.3129114406486037,0.0,1.0,1.0,0.0,0.0,0.0,0.0,0.0,0.0,0.0,0.0,0.0
763,1.0,0.4666666666666667,1.0,2.0,4.571140253620677,0.0,0.0,0.0,0.0,1.0,1.0,0.0,0.0,0.0,0.0,0.0,0.0
764,0.0,-0.8666666666666667,0.0,0.0,-0.2892730926477721,0.0,1.0,1.0,0.0,1.0,0.0,0.0,0.0,0.0,0.0,0.0,0.0
765,1.0,1.4666666666666666,1.0,0.0,2.7503334834730784,0.0,0.0,0.0,0.0,1.0,0.0,0.0,1.0,0.0,0.0,0.0,0.0
766,0.0,0.9585033280628764,0.0,0.0,1.089053080174624,0.0,0.0,1.0,0.0,0.0,0.0,0.0,0.0,0.0,0.0,0.0,0.0
767,0.0,0.1,0.0,0.0,-0.29035583119672925,0.0,1.0,0.0,1.0,0.0,0.0,0.0,0.0,0.0,0.0,0.0,0.0
768,0.0,-0.13062855504441373,1.0,0.0,0.41992065691913233,0.0,1.0,1.0,1.0,0.0,0.0,0.0,0.0,0.0,0.0,0.0,0.0
769,0.0,0.2,0.0,0.0,-0.26382873674728013,0.0,1.0,1.0,0.0,1.0,0.0,0.0,0.0,0.0,0.0,0.0,0.0
770,0.0,-0.3333333333333333,0.0,0.0,-0.21456413276973182,0.0,1.0,1.0,0.0,1.0,0.0,0.0,0.0,0.0,0.0,0.0,0.0
771,0.0,1.2666666666666666,0.0,0.0,-0.2858429769246761,0.0,1.0,1.0,0.0,1.0,0.0,0.0,0.0,0.0,0.0,0.0,0.0
772,0.0,1.8666666666666667,0.0,0.0,-0.1712545908114476,1.0,0.0,0.0,0.0,1.0,0.0,0.0,0.0,1.0,0.0,0.0,0.0
773,0.0,-0.058200001154975686,0.0,0.0,-0.31309334072482853,0.0,1.0,1.0,0.0,0.0,0.0,0.0,0.0,0.0,0.0,0.0,0.0
774,1.0,1.6666666666666667,1.0,3.0,0.37011468366710554,1.0,0.0,0.0,0.0,1.0,0.0,0.0,0.0,0.0,0.0,0.0,0.0
775,0.0,-0.7333333333333333,0.0,0.0,-0.29035583119672925,0.0,1.0,1.0,0.0,1.0,0.0,0.0,0.0,0.0,0.0,0.0,0.0
776,0.0,-0.19498661413763235,0.0,0.0,-0.29035583119672925,0.0,1.0,1.0,1.0,0.0,0.0,0.0,0.0,0.0,1.0,0.0,0.0
777,1.0,-1.6,0.0,0.0,-0.0857182454438362,0.0,1.0,0.0,0.0,1.0,0.0,0.0,0.0,0.0,0.0,0.0,0.0
778,0.0,0.15370304861544593,0.0,0.0,-0.2908972004712078,0.0,1.0,1.0,1.0,0.0,0.0,0.0,0.0,0.0,0.0,0.0,0.0
779,1.0,0.9333333333333333,0.0,1.0,8.526925542235466,0.0,0.0,0.0,0.0,1.0,1.0,0.0,0.0,0.0,0.0,0.0,0.0
780,1.0,-1.0666666666666667,0.0,0.0,-0.3129114406486037,0.0,1.0,0.0,0.0,0.0,0.0,0.0,0.0,0.0,0.0,0.0,0.0
781,1.0,-0.8,1.0,0.0,1.84263911024877,0.0,0.0,0.0,0.0,1.0,1.0,0.0,0.0,0.0,0.0,0.0,0.0
782,0.0,0.0,0.0,0.0,0.6732814773750952,0.0,0.0,1.0,0.0,1.0,0.0,0.0,1.0,0.0,0.0,0.0,0.0
783,0.0,-0.34015090361369765,1.0,2.0,0.3896039775483334,0.0,1.0,1.0,0.0,1.0,0.0,0.0,0.0,0.0,0.0,0.0,0.0
784,0.0,-0.26666666666666666,0.0,0.0,-0.32067251056752827,0.0,1.0,1.0,0.0,1.0,0.0,0.0,0.0,0.0,0.0,0.0,0.0
785,0.0,-0.26666666666666666,0.0,0.0,-0.3120106021758714,0.0,1.0,1.0,0.0,1.0,0.0,0.0,0.0,0.0,0.0,0.0,0.0
786,1.0,-0.7333333333333333,0.0,0.0,-0.30136511676252514,0.0,1.0,0.0,0.0,1.0,0.0,0.0,0.0,0.0,0.0,0.0,0.0
787,0.0,-1.4,4.0,1.0,0.6353856281615965,0.0,1.0,1.0,1.0,0.0,0.0,0.0,0.0,0.0,0.0,0.0,0.0
788,1.0,-1.8666666666666667,1.0,2.0,0.2650890444182662,0.0,1.0,1.0,0.0,1.0,0.0,0.0,0.0,0.0,0.0,0.0,0.0
789,0.0,1.1333333333333333,0.0,0.0,2.8041109417226804,0.0,0.0,1.0,0.0,0.0,1.0,0.0,0.0,0.0,0.0,0.0,0.0
790,0.0,0.1536950380776446,0.0,0.0,-0.29035583119672925,0.0,1.0,1.0,1.0,0.0,0.0,0.0,0.0,0.0,0.0,0.0,0.0
791,0.0,-0.8666666666666667,0.0,0.0,0.5000433095419583,1.0,0.0,1.0,0.0,1.0,0.0,0.0,0.0,0.0,0.0,0.0,0.0
792,0.0,-2.2700426359496784,8.0,2.0,2.3861738618252373,0.0,1.0,0.0,0.0,1.0,0.0,0.0,0.0,0.0,0.0,0.0,0.0
793,0.0,0.9642095225180906,0.0,0.0,0.7034162566696693,0.0,0.0,1.0,0.0,0.0,0.0,0.0,0.0,0.0,0.0,0.0,0.0
794,0.0,-0.26666666666666666,0.0,0.0,-0.2840412999792114,0.0,1.0,1.0,0.0,1.0,0.0,0.0,0.0,0.0,0.0,0.0,0.0
795,0.0,0.6666666666666666,0.0,0.0,-0.06298073591573695,1.0,0.0,1.0,0.0,1.0,0.0,0.0,0.0,0.0,0.0,0.0,0.0
796,1.0,1.3333333333333333,0.0,0.0,0.4969769939713118,0.0,0.0,0.0,0.0,1.0,0.0,0.0,1.0,0.0,0.0,0.0,0.0
797,1.0,0.13333333333333333,0.0,0.0,-0.2499350356870626,0.0,1.0,0.0,0.0,1.0,0.0,0.0,0.0,0.0,0.0,0.0,0.0
798,0.0,0.06666666666666667,0.0,0.0,-0.3129114406486037,0.0,1.0,1.0,0.0,0.0,0.0,0.0,0.0,0.0,0.0,0.0,0.0
799,0.0,0.06666666666666667,1.0,1.0,0.41992065691913233,0.0,1.0,0.0,0.0,1.0,0.0,0.0,0.0,0.0,0.0,0.0,0.0
800,0.0,0.3333333333333333,0.0,0.0,-0.06298073591573695,1.0,0.0,1.0,0.0,1.0,0.0,0.0,0.0,0.0,0.0,0.0,0.0
801,1.0,0.13333333333333333,1.0,1.0,0.5108706950315294,1.0,0.0,0.0,0.0,1.0,0.0,0.0,0.0,0.0,0.0,0.0,0.0
802,1.0,-1.2,1.0,2.0,4.571140253620677,0.0,0.0,1.0,0.0,1.0,1.0,0.0,0.0,0.0,0.0,0.0,0.0
803,1.0,-1.9053333333333333,0.0,1.0,-0.2571504053773127,0.0,1.0,1.0,0.0,0.0,0.0,0.0,0.0,0.0,0.0,0.0,0.0
804,1.0,-0.13333333333333333,0.0,0.0,-0.32392072621439955,0.0,1.0,1.0,0.0,1.0,0.0,0.0,0.0,0.0,0.0,0.0,0.0
805,0.0,0.13333333333333333,0.0,0.0,-0.2892730926477721,0.0,1.0,1.0,0.0,1.0,0.0,0.0,0.0,0.0,0.0,0.0,0.0
806,0.0,0.6666666666666666,0.0,0.0,-0.6260047813734322,0.0,0.0,1.0,0.0,1.0,0.0,0.0,0.0,0.0,0.0,0.0,0.0
807,0.0,-0.7333333333333333,0.0,0.0,-0.2892730926477721,0.0,1.0,0.0,0.0,1.0,0.0,0.0,0.0,0.0,0.0,0.0,0.0
808,0.0,0.6666666666666666,0.0,0.0,-0.06298073591573695,1.0,0.0,1.0,0.0,1.0,0.0,0.0,0.0,0.0,0.0,0.0,0.0
809,1.0,0.26666666666666666,1.0,0.0,1.6737318966114614,0.0,0.0,0.0,0.0,1.0,0.0,0.0,0.0,1.0,0.0,0.0,0.0
810,0.0,-0.2,0.0,0.0,-0.28440076917746515,0.0,1.0,1.0,0.0,1.0,0.0,0.0,0.0,0.0,0.0,0.0,0.0
811,0.0,0.6666666666666666,0.0,0.0,0.41992065691913233,0.0,1.0,1.0,0.0,1.0,0.0,0.0,0.0,0.0,0.0,0.0,0.0
812,0.0,0.4,0.0,0.0,-0.1712545908114476,1.0,0.0,1.0,0.0,1.0,0.0,0.0,0.0,0.0,0.0,0.0,0.0
813,0.0,-1.5333333333333334,4.0,2.0,0.7285011433719076,0.0,1.0,0.0,0.0,1.0,0.0,0.0,0.0,0.0,0.0,0.0,0.0
814,0.0,0.1,0.0,0.0,-0.277362968609244,0.0,1.0,1.0,0.0,1.0,0.0,0.0,0.0,0.0,0.0,0.0,0.0
815,0.0,0.9733021028557459,0.0,0.0,-0.6260047813734322,0.0,0.0,1.0,0.0,1.0,1.0,0.0,0.0,0.0,0.0,0.0,0.0
816,0.0,-0.4,0.0,0.0,-0.2827766613540295,0.0,1.0,0.0,0.0,1.0,0.0,0.0,0.0,0.0,0.0,0.0,0.0
817,0.0,0.13333333333333333,1.0,1.0,0.9766301711593096,1.0,0.0,1.0,0.0,0.0,0.0,0.0,0.0,0.0,0.0,0.0,0.0
818,0.0,0.9333333333333333,0.0,0.0,-0.3466582357424988,0.0,1.0,1.0,0.0,1.0,0.0,0.0,0.0,0.0,0.0,0.0,0.0
819,0.0,-1.2666666666666666,3.0,2.0,0.5823314392626983,0.0,1.0,1.0,0.0,1.0,0.0,0.0,0.0,0.0,0.0,0.0,0.0
820,1.0,1.5333333333333334,1.0,1.0,3.423437391726145,0.0,0.0,0.0,0.0,1.0,1.0,0.0,0.0,0.0,0.0,0.0,0.0
821,1.0,-0.13333333333333333,0.0,0.0,-0.2508358741597949,0.0,1.0,1.0,0.0,1.0,0.0,0.0,0.0,0.0,0.0,0.0,0.0
822,0.0,0.6,0.0,0.0,-0.6260047813734322,0.0,0.0,1.0,0.0,1.0,0.0,0.0,0.0,0.0,0.0,0.0,0.0
823,1.0,-0.13333333333333333,0.0,1.0,-0.0857182454438362,0.0,1.0,0.0,0.0,1.0,0.0,0.0,0.0,1.0,0.0,0.0,0.0
824,0.0,-1.8,4.0,1.0,1.092842665095974,0.0,1.0,1.0,0.0,1.0,0.0,0.0,0.0,0.0,0.0,0.0,0.0
825,0.0,0.15420771249692677,0.0,0.0,-0.3250034647633567,0.0,1.0,1.0,1.0,0.0,0.0,0.0,0.0,0.0,0.0,0.0,0.0
826,0.0,0.01832307205898876,0.0,0.0,1.8208024391934032,0.0,1.0,1.0,0.0,1.0,0.0,0.0,0.0,0.0,0.0,0.0,0.0
827,1.0,-1.8666666666666667,0.0,2.0,0.9766301711593096,1.0,0.0,1.0,0.0,0.0,0.0,0.0,0.0,0.0,0.0,0.0,0.0
828,1.0,-0.264519522795455,0.0,0.0,-0.29035583119672925,0.0,1.0,1.0,1.0,0.0,0.0,0.0,0.0,0.0,0.0,0.0,0.0
829,1.0,2.2,0.0,0.0,2.8387585752893076,0.0,0.0,0.0,0.0,0.0,1.0,0.0,0.0,0.0,0.0,0.0,0.0
830,1.0,-0.9333333333333333,1.0,0.0,0.0,0.0,1.0,0.0,0.0,0.0,0.0,0.0,0.0,0.0,0.0,0.0,0.0
831,1.0,-1.8780000000000001,1.0,1.0,0.18604913034439746,1.0,0.0,1.0,0.0,1.0,0.0,0.0,0.0,0.0,0.0,0.0,0.0
832,0.0,-0.0582026926956767,0.0,0.0,-0.3129114406486037,0.0,1.0,1.0,0.0,0.0,0.0,0.0,0.0,0.0,0.0,0.0,0.0
833,0.0,-0.4,0.0,0.0,-0.2858429769246761,0.0,1.0,1.0,0.0,1.0,0.0,0.0,0.0,0.0,0.0,0.0,0.0
834,0.0,-0.7333333333333333,0.0,0.0,-0.2665355831196729,0.0,1.0,1.0,0.0,1.0,0.0,0.0,0.0,0.0,0.0,0.0,0.0
835,1.0,0.6666666666666666,1.0,1.0,2.9755431016561564,0.0,0.0,0.0,0.0,0.0,0.0,0.0,0.0,1.0,0.0,0.0,0.0
836,0.0,-0.5333333333333333,0.0,0.0,-0.2508358741597949,0.0,1.0,1.0,0.0,1.0,0.0,0.0,0.0,0.0,0.0,0.0,0.0
837,0.0,0.049369225036057195,0.0,0.0,-0.277362968609244,0.0,1.0,1.0,0.0,1.0,0.0,0.0,0.0,0.0,0.0,0.0,0.0
838,1.0,0.2,0.0,0.0,1.8208024391934032,0.0,1.0,1.0,0.0,1.0,0.0,0.0,0.0,0.0,0.0,0.0,0.0
839,1.0,0.49567922317485463,0.0,0.0,0.6602886147876099,0.0,0.0,1.0,0.0,0.0,0.0,1.0,0.0,0.0,0.0,0.0,0.0
840,0.0,-0.6,0.0,0.0,-0.2827766613540295,0.0,1.0,1.0,0.0,1.0,0.0,0.0,0.0,0.0,0.0,0.0,0.0
841,0.0,-0.8666666666666667,0.0,0.0,-0.1712545908114476,1.0,0.0,1.0,0.0,1.0,0.0,0.0,0.0,0.0,0.0,0.0,0.0
842,1.0,0.06666666666666667,0.0,0.0,0.7165910193333795,0.0,0.0,0.0,0.0,0.0,0.0,0.0,0.0,0.0,0.0,0.0,0.0
843,0.0,0.36666666666666664,0.0,0.0,-0.34719960501697733,0.0,1.0,1.0,0.0,0.0,0.0,0.0,0.0,0.0,0.0,0.0,0.0
844,0.0,-0.8,0.0,0.0,-0.2508358741597949,0.0,1.0,1.0,0.0,1.0,0.0,0.0,0.0,0.0,0.0,0.0,0.0
845,0.0,0.8666666666666667,0.0,0.0,-0.2990177395883861,0.0,1.0,1.0,0.0,1.0,0.0,0.0,0.0,0.0,0.0,0.0,0.0
846,0.0,-2.2863901397122586,8.0,2.0,2.3861738618252373,0.0,1.0,1.0,0.0,1.0,0.0,0.0,0.0,0.0,0.0,0.0,0.0
847,0.0,0.4,0.0,0.0,-0.2840412999792114,0.0,1.0,1.0,0.0,0.0,0.0,0.0,0.0,0.0,0.0,0.0,0.0
848,0.0,-0.06666666666666667,0.0,1.0,0.803210103249948,1.0,0.0,1.0,0.0,1.0,0.0,0.0,0.0,0.0,0.0,0.0,0.0
849,1.0,0.2001441922382644,1.0,0.0,3.2330573071859194,0.0,0.0,0.0,0.0,0.0,0.0,1.0,0.0,0.0,0.0,0.0,0.0
850,0.0,-1.6666666666666667,4.0,2.0,0.7285011433719076,0.0,1.0,1.0,0.0,1.0,0.0,0.0,0.0,0.0,0.0,0.0,0.0
851,0.0,3.0,0.0,0.0,-0.2892730926477721,0.0,1.0,1.0,0.0,1.0,0.0,0.0,0.0,0.0,0.0,0.0,0.0
852,0.0,-1.3333333333333333,1.0,1.0,0.03428383341417777,0.0,1.0,0.0,0.0,0.0,0.0,0.0,0.0,0.0,0.0,0.0,0.0
853,1.0,-0.8666666666666667,0.0,1.0,1.080391171782967,0.0,0.0,0.0,0.0,1.0,0.0,0.0,1.0,0.0,0.0,0.0,0.0
854,0.0,1.0,1.0,0.0,0.5000433095419583,1.0,0.0,0.0,0.0,1.0,0.0,0.0,0.0,0.0,0.0,0.0,0.0
855,1.0,-0.7333333333333333,0.0,1.0,-0.2210605640634745,0.0,1.0,0.0,0.0,1.0,0.0,0.0,0.0,0.0,0.0,0.0,0.0
856,1.0,1.0666666666666667,1.0,1.0,6.51429647980043,0.0,0.0,0.0,0.0,1.0,0.0,0.0,0.0,0.0,0.0,0.0,0.0
857,1.0,1.4666666666666666,0.0,0.0,0.5238635576190146,0.0,0.0,1.0,0.0,1.0,0.0,0.0,0.0,1.0,0.0,0.0,0.0
858,1.0,-0.3333333333333333,0.0,3.0,0.20806337052179327,0.0,1.0,0.0,0.0,0.0,0.0,0.0,0.0,0.0,0.0,0.0,0.0
859,0.0,-0.0582026926956767,0.0,0.0,-0.3129114406486037,0.0,1.0,1.0,0.0,0.0,0.0,0.0,0.0,0.0,0.0,0.0,0.0
860,0.0,0.8,2.0,0.0,-0.014980770563370535,0.0,1.0,1.0,0.0,1.0,0.0,0.0,0.0,0.0,0.0,0.0,0.0
861,0.0,-0.5333333333333333,1.0,0.0,-0.12794504885316332,1.0,0.0,1.0,0.0,1.0,0.0,0.0,0.0,0.0,0.0,0.0,0.0
862,1.0,1.2666666666666666,0.0,0.0,0.4969769939713118,0.0,0.0,0.0,0.0,1.0,0.0,0.0,1.0,0.0,0.0,0.0,0.0
863,0.0,-2.2700426359496784,8.0,2.0,2.3861738618252373,0.0,1.0,0.0,0.0,1.0,0.0,0.0,0.0,0.0,0.0,0.0,0.0
864,0.0,-0.3333333333333333,0.0,0.0,-0.06298073591573695,1.0,0.0,1.0,0.0,1.0,0.0,0.0,0.0,0.0,0.0,0.0,0.0
865,1.0,0.8666666666666667,0.0,0.0,-0.06298073591573695,1.0,0.0,0.0,0.0,1.0,0.0,0.0,0.0,0.0,0.0,0.0,0.0
866,1.0,-0.13333333333333333,1.0,0.0,-0.025808156052941598,1.0,0.0,0.0,0.0,0.0,0.0,0.0,0.0,0.0,0.0,0.0,0.0
867,0.0,0.13333333333333333,0.0,0.0,1.5609451874436977,0.0,0.0,1.0,0.0,1.0,0.0,0.0,0.0,0.0,0.0,0.0,0.0
868,0.0,0.048440002651108455,0.0,0.0,-0.21456413276973182,0.0,1.0,1.0,0.0,1.0,0.0,0.0,0.0,0.0,0.0,0.0,0.0
869,1.0,-1.6666666666666667,1.0,1.0,-0.14382665788926616,0.0,1.0,1.0,0.0,1.0,0.0,0.0,0.0,0.0,0.0,0.0,0.0
870,0.0,-0.2,0.0,0.0,-0.2840412999792114,0.0,1.0,1.0,0.0,1.0,0.0,0.0,0.0,0.0,0.0,0.0,0.0
871,1.0,1.2,1.0,1.0,1.6500935486106298,0.0,0.0,0.0,0.0,1.0,0.0,0.0,1.0,0.0,0.0,0.0,0.0
872,0.0,0.26666666666666666,0.0,0.0,-0.40945707158201095,0.0,0.0,1.0,0.0,1.0,1.0,0.0,0.0,0.0,0.0,0.0,0.0
873,0.0,1.2,0.0,0.0,-0.23621890374887394,0.0,1.0,1.0,0.0,1.0,0.0,0.0,0.0,0.0,0.0,0.0,0.0
874,1.0,-0.06666666666666667,1.0,0.0,0.4134242256253898,1.0,0.0,0.0,0.0,0.0,0.0,0.0,0.0,0.0,0.0,0.0,0.0
875,1.0,-0.9333333333333333,0.0,0.0,-0.31309334072482853,0.0,1.0,0.0,0.0,0.0,0.0,0.0,0.0,0.0,0.0,0.0,0.0
876,0.0,-0.6,0.0,0.0,-0.1995876931605571,0.0,1.0,1.0,0.0,1.0,0.0,0.0,0.0,0.0,0.0,0.0,0.0
877,0.0,-0.6666666666666666,0.0,0.0,-0.2840412999792114,0.0,1.0,1.0,0.0,1.0,0.0,0.0,0.0,0.0,0.0,0.0,0.0
878,0.0,0.04946804303037382,0.0,0.0,-0.2840412999792114,0.0,1.0,1.0,0.0,1.0,0.0,0.0,0.0,0.0,0.0,0.0,0.0
879,1.0,1.8,0.0,1.0,2.9755431016561564,0.0,0.0,0.0,0.0,0.0,0.0,1.0,0.0,0.0,0.0,0.0,0.0
880,1.0,-0.26666666666666666,0.0,1.0,0.5000433095419583,1.0,0.0,0.0,0.0,1.0,0.0,0.0,0.0,0.0,0.0,0.0,0.0
881,0.0,0.26666666666666666,0.0,0.0,-0.2840412999792114,0.0,1.0,1.0,0.0,1.0,0.0,0.0,0.0,0.0,0.0,0.0,0.0
882,0.0,-0.4666666666666667,0.0,0.0,-0.17053132146074423,0.0,1.0,0.0,0.0,1.0,0.0,0.0,0.0,0.0,0.0,0.0,0.0
883,0.0,-0.06666666666666667,0.0,0.0,-0.1712545908114476,1.0,0.0,1.0,0.0,1.0,0.0,0.0,0.0,0.0,0.0,0.0,0.0
884,0.0,-0.26666666666666666,0.0,0.0,-0.32067251056752827,0.0,1.0,1.0,0.0,1.0,0.0,0.0,0.0,0.0,0.0,0.0,0.0
885,0.0,0.6666666666666666,0.0,5.0,0.6353856281615965,0.0,1.0,0.0,1.0,0.0,0.0,0.0,0.0,0.0,0.0,0.0,0.0
886,0.0,-0.13333333333333333,0.0,0.0,-0.06298073591573695,1.0,0.0,1.0,0.0,1.0,0.0,0.0,0.0,0.0,0.0,0.0,0.0
887,1.0,-0.6666666666666666,0.0,0.0,0.6732814773750952,0.0,0.0,0.0,0.0,1.0,1.0,0.0,0.0,0.0,0.0,0.0,0.0
888,0.0,-0.3238033998511175,1.0,2.0,0.3896039775483334,0.0,1.0,0.0,0.0,1.0,0.0,0.0,0.0,0.0,0.0,0.0,0.0
889,1.0,-0.2,0.0,0.0,0.6732814773750952,0.0,0.0,1.0,0.0,0.0,0.0,1.0,0.0,0.0,0.0,0.0,0.0
890,0.0,0.2,0.0,0.0,-0.29035583119672925,0.0,1.0,1.0,1.0,0.0,0.0,0.0,0.0,0.0,0.0,0.0,0.0
